1,VexTheWarlock,115.5,574,T,J
2,SilasStormblade,285.5,863,M,J
3,JinxedArrow,220.9,742,J,M
4,IroncladMike,181.6,240,T,J
5,MysticBloom,51.0,563,S,A
6,Swiftstrike,203.2,126,A,S
7,AlphaSpecter,17.4,863,J,A
8,CrimsonTalon,245.8,550,M,T
9,GhostPepper_,149.2,284,A,S
10,LunarEchoes,21.5,159,S,J
11,ZenithKing,101.4,460,T,A
12,RogueWaveXD,279.1,70,J,S
13,HyperionPrime,109.9,715,M,A
14,ToxicLlama,136.6,560,A,T
15,PixelSage,188.7,736,S,M
16,Doomhammer01,104.2,490,T,J
17,Whisperwind,143.6,584,J,M
18,StaticShift,170.8,806,M,S
19,FortyTwoHz,252.6,35,A,T
20,HealerBot_47,131.5,419,S,J
21,SteelCurtain,293.7,678,T,S
22,MadJester_,23.3,101,J,A
23,VoidWalker,195.9,321,M,T
24,GamerTag_99,28.8,92,A,S
25,AzureFlame,124.6,765,S,M
26,TheBrimstone,177.3,822,T,J
27,ShadowDrift,249.0,305,J,A
28,CodeBreaker,88.4,142,M,S
29,NocturneADC,298.5,800,A,T
30,SupportiveSnail,22.2,50,S,J
31,ElCapitanoTop,77.7,610,T,M
32,JungleBoi88,152.0,851,J,S
33,MidLaneMaestro,260.6,340,M,A
34,KiteAndSmite,60.8,790,A,J
35,WardPlacementPro,165.7,210,S,T
36,TheDreadnought,44.9,470,T,M
37,FlankingFairy,133.4,725,J,A
38,ZAP_Gamer,206.5,400,M,S
39,FinalBoss_7,8.5,170,A,T
40,SilverShield,119.6,650,S,J
41,TankMasterFlex,273.8,95,T,A
42,GankingGuru,217.4,595,J,M
43,SpellSlinger,14.7,830,M,A
44,CannonMinion,288.6,370,A,S
45,UtilityBelt,190.1,680,S,T
46,PentaKillPete,38.1,510,T,J
47,BushCamper,236.0,880,J,S
48,AfkFarmGod,68.9,230,M,T
49,CaliPanda,158.3,770,A,J
50,SenpaiSupp,91.8,440,S,M
51,TheBaronSlayer,10.1,190,T,S
52,InvadeOrAFK,295.3,620,J,A
53,LaneBully_M,73.5,840,M,T
54,CritMachine,185.0,250,A,J
55,AuraSupport,229.4,530,S,A
56,TowerDiver,269.7,700,T,M
57,PathingIsKey,112.9,90,J,S
58,RoamingRanger,162.2,480,M,J
59,HyperCarryKid,208.9,310,A,T
60,TheWardingTree,94.5,750,S,M
61,TopDiffSolo,25.6,500,T,A
62,SmiteStealer,243.5,130,J,S
63,MidOrFeedDuo,139.7,810,M,J
64,EzPzLemonSqzy,282.8,360,A,M
65,PeelMePlease,174.1,640,S,T
66,BruiserBuddy,31.7,270,T,A
67,JungleGapGG,256.4,540,J,M
68,ZhonyaRush,146.4,70,M,S
69,OneShotWonder,128.2,740,A,J
70,EnchanterMain,55.1,430,S,T
71,TheSplitPusher,213.6,180,T,S
72,ObjectiveSecurer,11.3,600,J,A
73,TheCarryPotato,198.0,870,M,T
74,FarmForDays,75.0,220,A,S
75,GuardianAngel,225.5,520,S,M
76,TanksAreFun,141.9,660,T,J
77,MyHandsAreCold,29.9,30,J,S
78,LaneDominator,168.0,380,M,A
79,ADC_Diff,201.5,895,A,T
80,HookMaster,48.0,450,S,J
81,TPForKills,277.9,110,T,M
82,DeepVision,183.4,690,J,A
83,CleanseExpert,57.7,900,M,S
84,LastHitLegend,210.8,260,A,T
85,PillowFighter,97.5,55,S,J
86,TeleportKing,155.2,580,T,A
87,JgGaps,239.1,670,J,M
88,FedMidlaner,107.8,330,M,A
89,AFK_ADC,271.8,785,A,S
90,RoamingWarden,121.7,165,S,T
91,SunfireCape,35.9,40,T,J
92,SmiteAndWin,232.0,730,J,S
93,TheGrievous,171.9,15,M,T
94,ZoomAndBoom,64.2,855,A,J
95,MuteAllChat,291.6,425,S,M
96,SplitPushGod,17.9,65,T,A
97,InvadeKing,193.8,775,J,M
98,TwitchRival,80.7,390,M,S
99,AutoAttackADC,265.5,95,A,T
100,ShieldMePlz,10.8,635,S,J
101,TopLaneTerror,187.3,710,T,J
102,SkilledJungle,45.1,150,J,M
103,MidGod_EUW,222.8,880,M,S
104,LastHitLover,89.5,490,A,T
105,CC_Master,164.0,50,S,A
106,BlinkStrike,299.1,620,T,M
107,EpicSmite,13.6,350,J,S
108,TheMidBeast,76.5,800,M,A
109,PewPewLaser,118.2,280,A,J
110,HealForDays,190.4,740,S,T
111,SoloCarryKing,33.0,400,T,A
112,GankOrDie,258.9,90,J,M
113,ComboQueen,105.7,550,M,S
114,FlashAndKill,21.9,680,A,T
115,PinkWardHero,151.3,210,S,J
116,InvincibleTank,144.5,790,T,S
117,ObjectiveKing,235.8,120,J,A
118,TheZoner,59.2,300,M,T
119,HighDamageXD,278.4,850,A,S
120,VisionaryPro,93.8,470,S,M
121,OffMetaTop,24.1,590,T,J
122,BaronBuster,267.0,170,J,A
123,SilenceStorm,179.6,730,M,S
124,SixItemADC,122.9,330,A,S
125,TheAnchor,66.1,820,S,M
126,ProxyFarmer,209.5,650,T,J
127,RiftHeraldBoss,11.5,240,J,M
128,LaneFreeze,156.8,450,M,S
129,FocusTheTank,283.0,10,A,T
130,TeamFightWiz,49.7,570,S,J
131,BruiserMain,253.3,760,T,A
132,MapAwareness,22.0,520,J,S
133,AP_Carry_Mid,138.6,140,M,T
134,CritChance_90,199.1,690,A,J
135,Support_GG,110.0,380,S,M
136,ImmortalTurtle,55.5,840,T,J
137,JungleTrackr,288.9,290,J,A
138,SynergyMid,15.2,770,M,S
139,AdrenalineRush,247.6,190,A,T
140,TheTactician,176.7,600,S,J
141,TopIsEasy,10.6,360,T,S
142,CounterGankr,270.3,810,J,A
143,AssassinateMe,20.0,430,M,T
144,TrueDamageOnly,62.8,70,A,S
145,BraumIsMyGod,239.5,460,S,M
146,TheFedOne,148.9,720,T,J
147,JunglerDiff_,31.1,260,J,A
148,MidGapHere,205.2,500,M,S
149,KDA_Player,12.7,890,A,T
150,TankKiller,171.1,320,S,J
151,DoranShield,78.3,640,T,A
152,NocturnalHunter,259.6,180,J,M
153,PokeMaster,100.2,750,M,S
154,CleanUpCrew,23.5,410,A,T
155,JustPeel,182.1,660,S,J
156,TeleportFlank,42.0,130,T,M
157,FlashOverWall,215.7,915,J,S
158,RoamingSupport,166.4,250,M,A
159,OnePunchMan,130.1,540,A,T
160,MikaelsSaviour,296.2,390,S,J
161,HardCarryTop,95.3,780,T,S
162,EarlyGameWin,197.8,110,J,A
163,BlueBuffStealer,17.7,610,M,T
164,AFKPush,228.0,440,A,M
165,SupportOnly,280.5,160,S,T
166,MainTank,5.0,700,T,J
167,AggroJungle,241.3,310,J,A
168,ControlMage,113.6,830,M,S
169,TheMarksman,51.8,20,A,T
170,LuluFanatic,264.4,560,S,J
171,Unkillable,161.9,700,T,M
172,RedBuffRush,35.4,720,J,S
173,KarthusMid,207.1,500,M,A
174,BaronSolo,134.8,340,A,J
175,TaricMain,219.0,860,S,T
176,DariusOnly,15.6,230,T,J
177,SecuredDrake,293.1,580,J,M
178,TheFountain,108.3,950,M,S
179,ZiggsBot,70.9,900,A,T
180,BlindPickGod,126.5,480,S,J
181,PermaBan,275.4,190,T,S
182,Invader_JGL,37.2,630,J,A
183,ZedMaster,255.0,370,M,T
184,AlwaysCrit,9.1,810,A,S
185,ADCBodyguard,140.7,270,S,M
186,WomboCombo,173.0,60,T,J
187,CounterPick,262.3,710,J,M
188,UltStealer,116.2,220,M,S
189,LateGameMonster,218.6,990,A,T
190,ClutchPlayz,30.5,530,S,J
191,HullbreakerTop,246.7,100,T,A
192,FarmToWin,159.0,760,J,S
193,OneTapMid,82.4,450,M,T
194,FastPushBot,191.5,690,A,M
195,TheDisengage,7.8,30,S,A
196,TP_GANK,286.9,885,T,J
197,SmarterThanYou,54.3,420,J,M
198,BronzeToChallenger,132.8,155,M,S
199,OnlyAD,204.0,980,A,T
200,WardHoarder,103.1,655,S,J
201,TheUnstoppable,155.0,750,T,J
202,JunglePhenom,68.9,180,J,M
203,MidlaneGosu,230.1,820,M,S
204,QuickScopeADC,12.5,450,A,T
205,TheSaviorSupp,276.4,110,S,A
206,TowerHugger,41.2,600,T,M
207,FarmingFocus,198.7,920,J,S
208,BurstDamage,94.0,330,M,A
209,CritMonster,18.3,770,A,J
210,AegisSupport,117.6,260,S,T
211,TopFragger,251.8,510,T,A
212,ObjectiveFocused,28.9,850,J,M
213,ComboBreaker,143.2,140,M,S
214,GoldFarmer,225.5,690,A,T
215,TankySupport,55.4,390,S,J
216,TheSoloist,170.9,780,T,S
217,InvadeKingpin,88.0,40,J,A
218,ControlFreak,295.6,960,M,T
219,TheSniper,10.7,550,A,S
220,GuardianAura,210.3,210,S,M
221,SplitMaster,135.1,640,T,J
222,EarlyPressure,20.0,730,J,A
223,UtilityMid,267.8,30,M,T
224,CleanKills,49.9,800,A,S
225,MutePinger,162.2,420,S,M
226,IronGiantTop,289.4,700,T,J
227,DragonSlayer,185.7,160,J,S
228,LaneSwapper,129.3,580,M,A
229,ThePillager,244.6,90,A,J
230,WardSweeper,62.1,840,S,T
231,NeverSurrender,14.6,350,T,M
232,JungleMentor,218.8,790,J,A
233,MidMainBot,101.4,250,M,S
234,PentaHunt,273.0,660,A,T
235,BaitMaster,33.5,480,S,J
236,HardToKill,256.9,940,T,S
237,MapHacker,16.8,120,J,A
238,Snowballer,190.5,860,M,T
239,TheBoomer,114.7,290,A,J
240,Spellshield,237.9,530,S,M
241,TP_Only,76.3,720,T,A
242,JunglePathing,280.2,60,J,S
243,OneTrickMid,121.5,410,M,T
244,GlassCannon,17.4,890,A,S
245,GuardianShield,259.0,370,S,M
246,SplitPushPro,140.6,630,T,J
247,GankMachine,22.7,980,J,A
248,TheArchitect,291.9,190,M,S
249,ADC_Flex,84.1,500,A,T
250,HealingFocus,195.3,740,S,J
251,BigDamageTop,24.4,280,T,A
252,JungleBae,271.6,830,J,M
253,RoamingMid,11.0,460,M,S
254,FastPaceADC,233.1,10,A,T
255,ExhaustFlash,168.7,590,S,J
256,Invincible_T,220.8,770,T,S
257,SecureTheBag,46.0,340,J,A
258,SkillShotKing,105.1,910,M,T
259,LethalityOnly,181.9,200,A,S
260,RelicShield,298.6,680,S,M
261,TheFrontliner,149.8,490,T,J
262,JungleCarry,10.2,710,J,A
263,MidControl,238.3,130,M,T
264,TheKiter,125.6,560,A,S
265,SupportLife,26.5,880,S,J
266,MyLaneMyRules,200.7,300,T,M
267,CampTheLane,15.8,790,J,S
268,ZedAndDone,177.0,240,M,A
269,TheOutplay,35.2,650,A,J
270,GlobalUlt,254.1,430,S,T
271,VeteranTop,131.4,995,T,S
272,JungleSmurf,21.9,740,J,A
273,MidLaneMaster,99.7,170,M,T
274,KarthusBot,284.8,520,A,S
275,PeelExpert,165.2,850,S,M
276,ThePusher,107.0,360,T,J
277,CounterJungler,29.3,610,J,M
278,BigBrainMid,141.5,90,M,S
279,FocusFire,228.0,730,A,T
280,AgressiveSupport,40.1,270,S,J
281,TheStoic,250.6,400,T,A
282,EarlyGanks,15.0,800,J,S
283,FastRecall,188.5,150,M,T
284,CleanFarming,80.0,670,A,J
285,TheCloser,202.9,320,S,M
286,LastManStanding,133.7,540,T,J
287,PathingGod,16.5,750,J,A
288,MidDiff_GG,270.0,210,M,S
289,TheDamageDealer,294.1,970,A,T
290,WardenOfLight,45.5,580,S,J
291,SoloQueueHero,157.9,860,T,M
292,MasterYiOnly,235.0,290,J,S
293,MidGameSpike,10.1,620,M,A
294,TheExecutioner,214.2,470,A,J
295,SupportAce,18.8,930,S,T
296,TrueChampion,282.6,120,T,M
297,JungleMVP,58.3,70,J,S
298,MidlaneCarried,160.0,380,M,A
299,TheCannon,104.5,890,A,T
300,HealingHands,240.2,60,S,J
301,TheRenegade,120.5,650,T,J
302,JungleGhost,85.1,380,J,M
303,MidGodly,210.3,950,M,S
304,SharpShooter,15.9,500,A,T
305,AuraOfMight,265.4,190,S,A
306,Unbreakable,35.2,710,T,M
307,EarlyDominance,188.7,90,J,S
308,TheIllusionist,101.5,840,M,A
309,KitingExpert,22.8,250,A,J
310,HealingRain,133.0,760,S,T
311,SplitPushManiac,258.9,410,T,A
312,GankMagnet,31.7,550,J,M
313,LaneControl,145.6,120,M,S
314,DamageIncarnate,205.1,880,A,T
315,UtilityFocus,49.0,300,S,J
316,TeamFightTop,177.3,620,T,S
317,TheTracker,60.5,150,J,A
318,ZoningMage,290.1,790,M,T
319,HyperFocus,10.2,910,A,S
320,ShieldSlinger,240.5,530,S,M
321,TheWarlord,140.8,680,T,J
322,ObjectiveNinja,25.4,340,J,A
323,ArtilleryMid,195.0,860,M,T
324,ADC_Saviour,55.9,210,A,S
325,GuardianAngel_,168.2,460,S,M
326,OffTankKing,279.7,730,T,J
327,JungleGapNow,11.8,990,J,M
328,ThePredictor,233.1,100,M,S
329,FastHands,80.6,60,A,T
330,TheCatalyst,19.3,820,S,J
331,SoloCarryKingV2,151.7,370,T,A
332,FeralHunter,208.5,700,J,S
333,SynergyExpert,40.0,430,M,T
334,PinchHitter,266.3,940,A,J
335,TheTactician_,115.1,170,S,M
336,BruiserBoss,24.6,580,T,J
337,GankingMaster,296.8,290,J,A
338,MidFarmBot,174.5,870,M,S
339,AutoAttacker,68.0,50,A,T
340,ThePeeler,127.3,750,S,J
341,WaveControl,199.2,320,T,S
342,JungleVeteran,14.0,660,J,A
343,PokingPrince,284.9,900,M,T
344,CritOrQuit,92.5,490,A,S
345,TeamShield,225.8,110,S,M
346,TopLaneMain,11.7,780,T,J
347,EarlyGamer,238.1,200,J,A
348,CleanseMaster,162.9,970,M,T
349,FastLanePush,53.6,350,A,S
350,HookAndBait,288.0,630,S,J
351,TheCloserT,15.0,520,T,M
352,SecuredBaron,170.8,890,J,S
353,ControlWard,44.7,240,M,A
354,ThePewPew,219.4,720,A,J
355,MikaelsMaster,299.8,160,S,T
356,TankyMage,130.4,560,T,J
357,BushWarrior,24.0,310,J,M
358,APMidOnly,118.9,850,M,S
359,LategameCarry,66.1,430,A,T
360,RoamingWard,185.3,740,S,J
361,TheWallT,15.6,90,T,A
362,ObjectiveHero,267.7,810,J,S
363,ZhonyaMaster,5.1,570,M,T
364,ADCCarryXD,201.0,260,A,M
365,SpellWeaver,110.3,690,S,T
366,PermaPush,281.4,390,T,J
367,DeepVisionJGL,142.1,930,J,S
368,LanePriority,23.3,180,M,A
369,FlashingAway,254.7,70,A,T
370,TheHealerBot,166.9,800,S,J
371,FrontToBack,17.2,480,T,S
372,JungleMainMan,256.0,220,J,A
373,MidOrAFK,19.9,640,M,T
374,KillsEqualWins,278.6,360,A,S
375,TeamBooster,140.1,510,S,M
376,DuoQueueTop,50.8,980,T,J
377,SoloBaron,213.5,130,J,A
378,QuickRotation,164.2,770,M,S
379,TheFinisher,26.7,290,A,T
380,MuteAll,180.0,830,S,J
381,TheAnchorT,139.5,440,T,A
382,GankOnly,230.7,60,J,S
383,MidlaneGrinder,28.8,720,M,T
384,OneHitKill,259.9,900,A,J
385,TheProtector,38.1,175,S,M
386,CannonFodder,205.5,670,T,J
387,InvadeExpert,15.4,330,J,A
388,MidLaneCarry,295.0,880,M,S
389,TheCleanUp,47.9,590,A,T
390,SupportTheTeam,129.6,280,S,J
391,SoloQWarrior,274.0,75,T,M
392,JungleSmurfV2,18.0,810,J,S
393,TheCarry_Mid,242.3,465,M,A
394,MyThresh,52.1,960,A,T
395,TheUtility,155.7,195,S,J
396,TopLaneMain_,29.0,700,T,A
397,FastClear,268.4,350,J,M
398,MidLaneMonster,176.9,845,M,S
399,ObjectivePush,11.1,515,A,T
400,TheGuardian,223.5,235,S,J
401,TheDemolisher,180.2,770,T,J
402,JungleReaper,40.1,250,J,M
403,MidlaneSorcerer,260.5,900,M,S
404,SilverBolt,10.5,550,A,T
405,HolyShield,205.8,100,S,A
406,RageQuitTop,55.9,640,T,M
407,EpicComeback,170.3,950,J,S
408,TheMidlaner,99.1,380,M,A
409,ShadowDance,25.6,810,A,J
410,RedemptionArc,115.4,220,S,T
411,BruiserBlitz,245.0,500,T,A
412,EfficientGanks,30.0,880,J,M
413,LanePhaseMaster,155.7,150,M,S
414,FastestFingers,220.1,730,A,T
415,UtilityFocusV2,45.5,430,S,J
416,OneVersusFive,175.2,600,T,S
417,JungleGapNot,50.4,90,J,A
418,TheCarryMage,280.9,980,M,T
419,LateGameSpike,14.8,310,A,S
420,GuardianMain,200.0,750,S,M
421,TheTanker,130.6,470,T,J
422,PathingGenius,20.9,590,J,A
423,SyndraOnly,265.1,180,M,T
424,ADC_King,59.3,860,A,S
425,HealBot9000,165.8,350,S,M
426,PermaSplit,290.5,700,T,J
427,TheOpportunist,15.1,990,J,A
428,LaneKingdom,185.0,290,M,S
429,BigCritEnergy,10.0,660,A,T
430,TheProtector_,235.5,410,S,J
431,DoranRingTop,125.7,520,T,A
432,CampMaster,255.9,820,J,S
433,RoamingAssassin,160.4,140,M,T
434,TheSnowball,20.5,780,A,J
435,PeelOrDie,285.2,270,S,M
436,TheVeteran,110.1,910,T,J
437,QuickClear,49.8,50,J,A
438,ControlWardMid,225.0,920,M,S
439,TeamFightADC,17.6,330,A,T
440,TheBaiter,250.3,630,S,J
441,OnlyTanks,140.2,460,T,S
442,VisionControl,20.0,710,J,A
443,SafeMidlane,230.9,110,M,T
444,HighMechanics,12.1,800,A,S
445,HookMasterV2,270.6,30,S,M
446,HardToGank,150.3,760,T,J
447,RedSideJungle,35.4,240,J,M
448,Midlaner_GG,208.5,580,M,S
449,FlashForCS,118.8,930,A,T
450,TheShielder,295.0,400,S,J
451,TopOfTheCharts,10.9,510,T,A
452,ObjectiveStealer,280.1,850,J,S
453,CleanMidlaner,168.4,160,M,T
454,LateGameMonsterV2,25.3,690,A,M
455,EnchanterMain_,188.7,390,S,T
456,NeverDie,42.0,900,T,J
457,FastGanks,210.0,60,J,A
458,MidlaneCarry_,135.2,740,M,S
459,KDAisKey,15.6,290,A,T
460,TheMessiah,260.4,480,S,J
461,TheBoss,100.2,720,T,S
462,JungleMentorV2,29.9,340,J,A
463,MidlaneGod_,180.5,960,M,T
464,TheKite,55.1,200,A,S
465,OneForAll,225.8,530,S,M
466,TeamPlayer,11.2,780,T,J
467,JungleMaster,240.5,130,J,M
468,SoloCarryMid,15.4,810,M,S
469,TheMarksmanV2,250.0,360,A,T
470,WardPlacer,35.7,940,S,J
471,TheBruiser,195.9,450,T,A
472,GankOnlyV2,20.0,790,J,S
473,ControlMageV2,235.3,170,M,T
474,TheExecutionerV2,12.8,610,A,J
475,HealingPower,288.0,420,S,M
476,TopOrAFK,160.0,830,T,J
477,MapGenius,45.5,260,J,A
478,FedMidlane,20.1,590,M,S
479,TheCritGod,105.7,970,A,T
480,SupportKing,255.4,320,S,J
481,TheTankV2,145.2,400,T,S
482,SecuredAll,30.2,750,J,A
483,UltiKing,220.6,190,M,T
484,ADC_Main,15.5,880,A,S
485,TheClutch,265.8,50,S,M
486,CannonTop,180.0,660,T,J
487,JungleMVPV2,50.1,300,J,A
488,MidlanePro,230.5,730,M,S
489,OneTapADC,25.8,110,A,T
490,GuardianAngelV2,130.4,990,S,J
491,TopLaneGosu,155.7,490,T,M
492,TheInvader,20.3,860,J,S
493,MidGapHereV2,240.2,280,M,A
494,DamageDealer,10.6,550,A,J
495,UtilitySupport,260.0,350,S,T
496,IronWillV2,140.0,700,T,M
497,TheGanker,40.5,920,J,S
498,ZhonyaRage,210.1,160,M,A
499,TheCannonV2,12.0,810,A,T
500,HealingHandsV2,250.8,470,S,J
501,TheFinalBoss,170.0,680,T,J
502,JungleVeteran_,35.5,300,J,M
503,MidlaneGoddess,250.3,950,M,S
504,SniperADC,15.1,520,A,T
505,TeamAnchor,210.8,150,S,A
506,TopLaneMainV3,45.9,730,T,M
507,EpicSmiteV2,180.3,90,J,S
508,TheIllusionistV2,105.1,800,M,A
509,KitingExpertV2,20.0,270,A,J
510,HealingRainV2,125.6,760,S,T
511,SplitPushManiacV2,255.4,400,T,A
512,GankMagnetV2,33.1,550,J,M
513,LaneControlV2,150.7,110,M,S
514,DamageIncarnateV2,215.9,890,A,T
515,UtilityFocusV3,47.0,330,S,J
516,TeamFightTopV2,179.2,630,T,S
517,TheTrackerV2,62.9,180,J,A
518,ZoningMageV2,295.5,790,M,T
519,HyperFocusV2,11.5,910,A,S
520,ShieldSlingerV2,245.0,540,S,M
521,TheWarlordV2,145.9,690,T,J
522,ObjectiveNinjaV2,28.3,370,J,A
523,ArtilleryMidV2,200.5,870,M,T
524,ADC_SaviourV2,58.8,240,A,S
525,GuardianAngelV3,170.1,490,S,M
526,OffTankKingV2,285.6,740,T,J
527,JungleGapNowV2,10.0,990,J,M
528,ThePredictorV2,238.5,130,M,S
529,FastHandsV2,85.2,80,A,T
530,TheCatalystV2,20.5,830,S,J
531,SoloCarryKingV3,155.9,390,T,A
532,FeralHunterV2,210.0,710,J,S
533,SynergyExpertV2,42.5,450,M,T
534,PinchHitterV2,270.8,940,A,J
535,TheTacticianV3,120.3,200,S,M
536,BruiserBossV2,25.8,590,T,J
537,GankingMasterV2,298.0,320,J,A
538,MidFarmBotV2,179.5,880,M,S
539,AutoAttackerV2,70.1,70,A,T
540,ThePeelerV2,130.4,770,S,J
541,WaveControlV2,205.7,350,T,S
542,JungleVeteranV2,15.6,680,J,A
543,PokingPrinceV2,289.4,900,M,T
544,CritOrQuitV2,95.9,510,A,S
545,TeamShieldV2,230.1,120,S,M
546,TopLaneMainV4,12.5,800,T,J
547,EarlyGamerV2,240.5,230,J,A
548,CleanseMasterV2,165.4,970,M,T
549,FastLanePushV2,55.0,380,A,S
550,HookAndBaitV2,290.0,650,S,J
551,TheCloserT_V2,17.7,550,T,M
552,SecuredBaronV2,175.0,895,J,S
553,ControlWardV2,46.1,270,M,A
554,ThePewPewV2,225.9,740,A,J
555,MikaelsMasterV2,300.0,190,S,T
556,TankyMageV2,135.5,580,T,J
557,BushWarriorV2,25.0,340,J,M
558,APMidOnlyV2,120.9,860,M,S
559,LategameCarryV2,68.9,460,A,T
560,RoamingWardV2,190.5,750,S,J
561,TheWallT_V2,16.5,100,T,A
562,ObjectiveHeroV2,272.9,830,J,S
563,ZhonyaMasterV2,6.0,590,M,T
564,ADCCarryV3,205.1,290,A,M
565,SpellWeaverV2,115.5,710,S,T
566,PermaPushV2,286.9,410,T,J
567,DeepVisionJGLV2,145.0,930,J,S
568,LanePriorityV2,25.1,210,M,A
569,FlashingAwayV2,260.1,90,A,T
570,TheHealerBotV2,170.0,820,S,J
571,FrontToBackV2,18.5,510,T,S
572,JungleMainManV2,261.5,250,J,A
573,MidOrAFKV2,20.5,670,M,T
574,KillsEqualWinsV2,285.0,380,A,S
575,TeamBoosterV2,145.2,540,S,M
576,DuoQueueTopV2,52.0,980,T,J
577,SoloBaronV2,218.0,160,J,A
578,QuickRotationV2,168.9,780,M,S
579,TheFinisherV2,28.0,320,A,T
580,MuteAllV2,185.5,850,S,J
581,TheAnchorT_V2,145.0,460,T,A
582,GankOnlyV2,16.1,900,J,S
583,MidlaneGrinderV2,30.0,740,M,T
584,OneHitKillV2,265.5,905,A,J
585,TheProtectorV2,40.1,200,S,M
586,CannonFodderV2,210.5,690,T,J
587,InvadeExpertV2,17.5,350,J,A
588,MidLaneCarryV2,300.0,890,M,S
589,TheCleanUpV2,50.5,610,A,T
590,SupportTheTeamV2,135.0,300,S,J
591,SoloQWarriorV2,279.5,95,T,M
592,JungleSmurfV3,18.8,820,J,S
593,TheCarry_MidV2,247.5,480,M,A
594,MyThreshV2,54.5,960,A,T
595,TheUtilityV2,160.0,220,S,J
596,TopLaneMainV5,30.5,720,T,A
597,FastClearV2,273.9,380,J,M
598,MidLaneMonsterV2,180.5,860,M,S
599,ObjectivePushV2,12.0,540,A,T
600,TheGuardianV2,228.0,260,S,J
601,TheRenegadeV2,125.0,670,T,J
602,JungleGhostV2,90.5,400,J,M
603,MidGodlyV2,215.8,970,M,S
604,SharpShooterV2,17.0,530,A,T
605,AuraOfMightV2,270.0,210,S,A
606,UnbreakableV2,37.5,730,T,M
607,EarlyDominanceV2,190.0,110,J,S
608,TheIllusionistV3,105.0,850,M,A
609,KitingExpertV3,24.0,280,A,J
610,HealingRainV3,138.5,770,S,T
611,SplitPushManiacV3,260.0,430,T,A
612,GankMagnetV3,35.0,570,J,M
613,LaneControlV3,150.0,130,M,S
614,DamageIncarnateV3,210.0,890,A,T
615,UtilityFocusV4,50.0,350,S,J
616,TeamFightTopV3,180.0,640,T,S
617,TheTrackerV3,65.0,200,J,A
618,ZoningMageV3,295.0,810,M,T
619,HyperFocusV3,12.5,920,A,S
620,ShieldSlingerV3,250.0,550,S,M
621,TheWarlordV3,150.0,700,T,J
622,ObjectiveNinjaV3,30.0,390,J,A
623,ArtilleryMidV3,205.0,880,M,T
624,ADC_SaviourV3,60.0,260,A,S
625,GuardianAngelV4,175.0,510,S,M
626,OffTankKingV3,290.0,750,T,J
627,JungleGapNowV3,10.5,995,J,M
628,ThePredictorV3,240.0,150,M,S
629,FastHandsV3,88.0,100,A,T
630,TheCatalystV3,21.5,840,S,J
631,SoloCarryKingV4,160.0,410,T,A
632,FeralHunterV3,215.0,720,J,S
633,SynergyExpertV3,45.0,470,M,T
634,PinchHitterV3,275.0,940,A,J
635,TheTacticianV4,125.0,220,S,M
636,BruiserBossV3,27.5,600,T,J
637,GankingMasterV3,300.0,340,J,A
638,MidFarmBotV3,185.0,890,M,S
639,AutoAttackerV3,72.0,90,A,T
640,ThePeelerV3,135.0,780,S,J
641,WaveControlV3,210.0,370,T,S
642,JungleVeteranV3,16.0,690,J,A
643,PokingPrinceV3,295.0,900,M,T
644,CritOrQuitV3,98.0,520,A,S
645,TeamShieldV3,235.0,140,S,M
646,TopLaneMainV6,13.0,810,T,J
647,EarlyGamerV3,245.0,250,J,A
648,CleanseMasterV3,170.0,980,M,T
649,FastLanePushV3,57.5,400,A,S
650,HookAndBaitV3,295.0,660,S,J
651,TheCloserT_V3,18.0,560,T,M
652,SecuredBaronV3,180.0,900,J,S
653,ControlWardV3,47.0,280,M,A
654,ThePewPewV3,230.0,750,A,J
655,MikaelsMasterV3,299.0,200,S,T
656,TankyMageV3,140.0,590,T,J
657,BushWarriorV3,26.0,350,J,M
658,APMidOnlyV3,125.0,870,M,S
659,LategameCarryV3,70.0,480,A,T
660,RoamingWardV3,195.0,760,S,J
661,TheWallT_V3,17.0,120,T,A
662,ObjectiveHeroV3,278.0,840,J,S
663,ZhonyaMasterV3,7.0,600,M,T
664,ADCCarryV4,210.0,300,A,M
665,SpellWeaverV3,120.0,720,S,T
666,PermaPushV3,291.0,420,T,J
667,DeepVisionJGLV3,150.0,935,J,S
668,LanePriorityV3,27.0,220,M,A
669,FlashingAwayV3,265.0,100,A,T
670,TheHealerBotV3,175.0,830,S,J
671,FrontToBackV3,19.0,520,T,S
672,JungleMainManV3,266.0,260,J,A
673,MidOrAFKV3,21.0,680,M,T
674,KillsEqualWinsV3,290.0,390,A,S
675,TeamBoosterV3,150.0,550,S,M
676,DuoQueueTopV3,53.0,985,T,J
677,SoloBaronV3,223.0,170,J,A
678,QuickRotationV3,173.0,790,M,S
679,TheFinisherV3,29.0,330,A,T
680,MuteAllV3,190.0,860,S,J
681,TheAnchorT_V3,150.0,470,T,A
682,GankOnlyV3,17.0,900,J,S
683,MidlaneGrinderV3,31.0,750,M,T
684,OneHitKillV3,270.0,910,A,J
685,TheProtectorV3,42.0,225,S,M
686,CannonFodderV3,215.0,700,T,J
687,InvadeExpertV3,18.0,360,J,A
688,MidLaneCarryV3,300.0,895,M,S
689,TheCleanUpV3,51.0,620,A,T
690,SupportTheTeamV3,140.0,320,S,J
691,SoloQWarriorV3,284.0,105,T,M
692,JungleSmurfV4,19.0,830,J,S
693,TheCarry_MidV3,252.0,490,M,A
694,MyThreshV3,56.0,960,A,T
695,TheUtilityV3,165.0,240,S,J
696,TopLaneMainV7,32.0,730,T,A
697,FastClearV3,278.0,400,J,M
698,MidLaneMonsterV3,185.0,870,M,S
699,ObjectivePushV3,13.0,550,A,T
700,TheGuardianV3,233.0,280,S,J
701,TheFinalBossV2,175.0,690,T,J
702,JungleVeteranV3,40.0,320,J,M
703,MidlaneGoddessV2,255.0,960,M,S
704,SniperADCV2,16.0,540,A,T
705,TeamAnchorV2,215.0,170,S,A
706,TopLaneMainV8,48.0,740,T,M
707,EpicSmiteV3,185.0,100,J,S
708,TheIllusionistV4,110.0,810,M,A
709,KitingExpertV4,22.0,290,A,J
710,HealingRainV4,130.0,770,S,T
711,SplitPushManiacV4,260.0,420,T,A
712,GankMagnetV4,35.0,560,J,M
713,LaneControlV4,155.0,120,M,S
714,DamageIncarnateV4,220.0,900,A,T
715,UtilityFocusV5,49.0,340,S,J
716,TeamFightTopV3,185.0,640,T,S
717,TheTrackerV4,68.0,200,J,A
718,ZoningMageV4,300.0,800,M,T
719,HyperFocusV4,12.0,915,A,S
720,ShieldSlingerV4,255.0,560,S,M
721,TheWarlordV4,155.0,710,T,J
722,ObjectiveNinjaV4,30.0,380,J,A
723,ArtilleryMidV4,210.0,880,M,T
724,ADC_SaviourV3,60.0,260,A,S
725,GuardianAngelV5,180.0,510,S,M
726,OffTankKingV4,295.0,760,T,J
727,JungleGapNowV4,11.0,1000,J,M
728,ThePredictorV4,245.0,160,M,S
729,FastHandsV4,90.0,110,A,T
730,TheCatalystV4,22.0,840,S,J
731,SoloCarryKingV5,165.0,430,T,A
732,FeralHunterV4,220.0,730,J,S
733,SynergyExpertV4,45.0,490,M,T
734,PinchHitterV4,280.0,950,A,J
735,TheTacticianV5,130.0,230,S,M
736,BruiserBossV4,28.0,610,T,J
737,GankingMasterV4,300.0,350,J,A
738,MidFarmBotV4,190.0,900,M,S
739,AutoAttackerV4,75.0,100,A,T
740,ThePeelerV4,140.0,790,S,J
741,WaveControlV4,215.0,380,T,S
742,JungleVeteranV4,17.0,700,J,A
743,PokingPrinceV4,300.0,900,M,T
744,CritOrQuitV4,100.0,530,A,S
745,TeamShieldV4,240.0,150,S,M
746,TopLaneMainV9,14.0,820,T,J
747,EarlyGamerV4,250.0,270,J,A
748,CleanseMasterV4,175.0,990,M,T
749,FastLanePushV4,60.0,410,A,S
750,HookAndBaitV4,300.0,670,S,J
751,TheCloserT_V4,19.0,580,T,M
752,SecuredBaronV4,185.0,905,J,S
753,ControlWardV4,48.0,290,M,A
754,ThePewPewV4,235.0,760,A,J
755,MikaelsMasterV4,299.0,210,S,T
756,TankyMageV4,145.0,600,T,J
757,BushWarriorV4,27.0,360,J,M
758,APMidOnlyV4,130.0,880,M,S
759,LategameCarryV4,72.0,500,A,T
760,RoamingWardV4,200.0,770,S,J
761,TheWallT_V4,18.0,130,T,A
762,ObjectiveHeroV4,283.0,850,J,S
763,ZhonyaMasterV4,8.0,610,M,T
764,ADCCarryV5,215.0,310,A,M
765,SpellWeaverV4,125.0,730,S,T
766,PermaPushV4,296.0,430,T,J
767,DeepVisionJGLV4,155.0,940,J,S
768,LanePriorityV4,28.0,230,M,A
769,FlashingAwayV4,270.0,120,A,T
770,TheHealerBotV4,180.0,840,S,J
771,FrontToBackV4,20.0,530,T,S
772,JungleMainManV4,271.0,280,J,A
773,MidOrAFKV4,22.0,690,M,T
774,KillsEqualWinsV4,295.0,400,A,S
775,TeamBoosterV4,155.0,560,S,M
776,DuoQueueTopV4,54.0,990,T,J
777,SoloBaronV4,228.0,180,J,A
778,QuickRotationV4,178.0,800,M,S
779,TheFinisherV4,30.0,340,A,T
780,MuteAllV4,195.0,870,S,J
781,TheAnchorT_V4,155.0,480,T,A
782,GankOnlyV4,18.0,900,J,S
783,MidlaneGrinderV4,32.0,760,M,T
784,OneHitKillV4,275.0,915,A,J
785,TheProtectorV4,44.0,250,S,M
786,CannonFodderV4,220.0,710,T,J
787,InvadeExpertV4,19.0,370,J,A
788,MidLaneCarryV4,300.0,900,M,S
789,TheCleanUpV4,52.0,630,A,T
790,SupportTheTeamV4,145.0,330,S,J
791,SoloQWarriorV4,289.0,115,T,M
792,JungleSmurfV5,20.0,840,J,S
793,TheCarry_MidV4,257.0,500,M,A
794,MyThreshV4,58.0,970,A,T
795,TheUtilityV4,170.0,260,S,J
796,TopLaneMainV10,34.0,740,T,A
797,FastClearV4,283.0,420,J,M
798,MidLaneMonsterV4,190.0,880,M,S
799,ObjectivePushV4,14.0,570,A,T
800,TheGuardianV4,238.0,300,S,J
801,TheFinalBossV3,180.0,700,T,J
802,JungleVeteranV4,45.0,340,J,M
803,MidlaneGoddessV3,260.0,960,M,S
804,SniperADCV3,17.0,550,A,T
805,TeamAnchorV3,220.0,190,S,A
806,TopLaneMainV11,50.0,750,T,M
807,EpicSmiteV4,190.0,120,J,S
808,TheIllusionistV5,115.0,820,M,A
809,KitingExpertV5,23.0,310,A,J
810,HealingRainV5,135.0,780,S,T
811,SplitPushManiacV5,265.0,440,T,A
812,GankMagnetV5,37.0,580,J,M
813,LaneControlV5,160.0,140,M,S
814,DamageIncarnateV5,225.0,920,A,T
815,UtilityFocusV6,51.0,360,S,J
816,TeamFightTopV4,190.0,650,T,S
817,TheTrackerV5,70.0,220,J,A
818,ZoningMageV5,300.0,810,M,T
819,HyperFocusV5,13.0,925,A,S
820,ShieldSlingerV5,260.0,570,S,M
821,TheWarlordV5,160.0,720,T,J
822,ObjectiveNinjaV5,32.0,400,J,A
823,ArtilleryMidV5,215.0,890,M,T
824,ADC_SaviourV4,62.0,280,A,S
825,GuardianAngelV6,185.0,530,S,M
826,OffTankKingV5,300.0,770,T,J
827,JungleGapNowV5,12.0,995,J,M
828,ThePredictorV5,250.0,180,M,S
829,FastHandsV5,92.0,130,A,T
830,TheCatalystV5,23.0,850,S,J
831,SoloCarryKingV6,170.0,450,T,A
832,FeralHunterV5,225.0,740,J,S
833,SynergyExpertV5,47.0,510,M,T
834,PinchHitterV5,285.0,960,A,J
835,TheTacticianV6,135.0,250,S,M
836,BruiserBossV5,30.0,630,T,J
837,GankingMasterV5,300.0,370,J,A
838,MidFarmBotV5,195.0,900,M,S
839,AutoAttackerV5,77.0,120,A,T
840,ThePeelerV5,145.0,800,S,J
841,WaveControlV5,220.0,400,T,S
842,JungleVeteranV5,18.0,710,J,A
843,PokingPrinceV5,300.0,900,M,T
844,CritOrQuitV5,102.0,550,A,S
845,TeamShieldV5,245.0,170,S,M
846,TopLaneMainV12,15.0,830,T,J
847,EarlyGamerV5,255.0,290,J,A
848,CleanseMasterV5,180.0,1000,M,T
849,FastLanePushV5,62.0,430,A,S
850,HookAndBaitV5,300.0,680,S,J
851,TheCloserT_V5,20.0,600,T,M
852,SecuredBaronV5,190.0,910,J,S
853,ControlWardV5,49.0,310,M,A
854,ThePewPewV5,240.0,770,A,J
855,MikaelsMasterV5,300.0,230,S,T
856,TankyMageV5,150.0,620,T,J
857,BushWarriorV5,28.0,380,J,M
858,APMidOnlyV5,135.0,890,M,S
859,LategameCarryV5,74.0,520,A,T
860,RoamingWardV5,205.0,780,S,J
861,TheWallT_V5,19.0,150,T,A
862,ObjectiveHeroV5,288.0,860,J,S
863,ZhonyaMasterV5,9.0,630,M,T
864,ADCCarryV6,220.0,330,A,M
865,SpellWeaverV5,130.0,750,S,T
866,PermaPushV5,300.0,450,T,J
867,DeepVisionJGLV5,160.0,950,J,S
868,LanePriorityV5,29.0,250,M,A
869,FlashingAwayV5,275.0,140,A,T
870,TheHealerBotV5,185.0,880,S,J
871,FrontToBackV5,21.0,550,T,S
872,JungleMainManV5,276.0,300,J,A
873,MidOrAFKV5,23.0,710,M,T
874,KillsEqualWinsV5,300.0,420,A,S
875,TeamBoosterV5,160.0,580,S,M
876,DuoQueueTopV5,55.0,1000,T,J
877,SoloBaronV5,233.0,200,J,A
878,QuickRotationV5,183.0,810,M,S
879,TheFinisherV5,31.0,360,A,T
880,MuteAllV5,200.0,890,S,J
881,TheAnchorT_V5,160.0,500,T,A
882,GankOnlyV5,19.0,900,J,S
883,MidlaneGrinderV5,33.0,770,M,T
884,OneHitKillV5,280.0,920,A,J
885,TheProtectorV5,46.0,270,S,M
886,CannonFodderV5,225.0,720,T,J
887,InvadeExpertV5,20.0,390,J,A
888,MidLaneCarryV5,300.0,900,M,S
889,TheCleanUpV5,53.0,650,A,T
890,SupportTheTeamV5,150.0,350,S,J
891,SoloQWarriorV5,294.0,135,T,M
892,JungleSmurfV6,21.0,850,J,S
893,TheCarry_MidV5,262.0,520,M,A
894,MyThreshV5,60.0,980,A,T
895,TheUtilityV5,175.0,280,S,J
896,TopLaneMainV13,36.0,750,T,A
897,FastClearV5,288.0,440,J,M
898,MidLaneMonsterV5,195.0,890,M,S
899,ObjectivePushV5,15.0,590,A,T
900,TheGuardianV5,243.0,320,S,J
901,TheFinalBossV4,185.0,710,T,J
902,JungleVeteranV5,50.0,360,J,M
903,MidlaneGoddessV4,265.0,970,M,S
904,SniperADCV4,18.0,570,A,T
905,TeamAnchorV4,225.0,210,S,A
906,TopLaneMainV14,52.0,760,T,M
907,EpicSmiteV5,195.0,140,J,S
908,TheIllusionistV6,120.0,830,M,A
909,KitingExpertV6,24.0,330,A,J
910,HealingRainV6,140.0,790,S,T
911,SplitPushManiacV6,270.0,460,T,A
912,GankMagnetV6,39.0,600,J,M
913,LaneControlV6,165.0,160,M,S
914,DamageIncarnateV6,230.0,930,A,T
915,UtilityFocusV7,53.0,380,S,J
916,TeamFightTopV5,195.0,660,T,S
917,TheTrackerV6,72.0,240,J,A
918,ZoningMageV6,300.0,820,M,T
919,HyperFocusV6,14.0,935,A,S
920,ShieldSlingerV6,265.0,590,S,M
921,TheWarlordV6,165.0,730,T,J
922,ObjectiveNinjaV6,34.0,420,J,A
923,ArtilleryMidV6,220.0,900,M,T
924,ADC_SaviourV5,64.0,300,A,S
925,GuardianAngelV7,190.0,550,S,M
926,OffTankKingV6,300.0,780,T,J
927,JungleGapNowV6,13.0,1000,J,M
928,ThePredictorV6,255.0,200,M,S
929,FastHandsV6,94.0,150,A,T
930,TheCatalystV6,24.0,860,S,J
931,SoloCarryKingV7,175.0,470,T,A
932,FeralHunterV6,230.0,750,J,S
933,SynergyExpertV6,49.0,530,M,T
934,PinchHitterV6,290.0,970,A,J
935,TheTacticianV7,140.0,270,S,M
936,BruiserBossV6,32.0,650,T,J
937,GankingMasterV6,300.0,390,J,A
938,MidFarmBotV6,200.0,900,M,S
939,AutoAttackerV6,79.0,140,A,T
940,ThePeelerV6,150.0,810,S,J
941,WaveControlV6,225.0,420,T,S
942,JungleVeteranV6,19.0,720,J,A
943,PokingPrinceV6,300.0,900,M,T
944,CritOrQuitV6,104.0,570,A,S
945,TeamShieldV6,250.0,190,S,M
946,TopLaneMainV15,16.0,840,T,J
947,EarlyGamerV6,260.0,310,J,A
948,CleanseMasterV6,185.0,1000,M,T
949,FastLanePushV6,64.0,450,A,S
950,HookAndBaitV6,300.0,700,S,J
951,TheCloserT_V6,21.0,620,T,M
952,SecuredBaronV6,195.0,920,J,S
953,ControlWardV6,50.0,330,M,A
954,ThePewPewV6,245.0,780,A,J
955,MikaelsMasterV6,300.0,250,S,T
956,TankyMageV6,155.0,640,T,J
957,BushWarriorV6,29.0,400,J,M
958,APMidOnlyV6,140.0,900,M,S
959,LategameCarryV6,76.0,540,A,T
960,RoamingWardV6,210.0,800,S,J
961,TheWallT_V6,20.0,170,T,A
962,ObjectiveHeroV6,293.0,870,J,S
963,ZhonyaMasterV6,10.0,650,M,T
964,ADCCarryV7,225.0,350,A,M
965,SpellWeaverV6,135.0,770,S,T
966,PermaPushV6,300.0,470,T,J
967,DeepVisionJGLV6,165.0,960,J,S
968,LanePriorityV6,30.0,270,M,A
969,FlashingAwayV6,280.0,160,A,T
970,TheHealerBotV6,190.0,890,S,J
971,FrontToBackV6,22.0,570,T,S
972,JungleMainManV6,281.0,320,J,A
973,MidOrAFKV6,24.0,730,M,T
974,KillsEqualWinsV6,300.0,440,A,S
975,TeamBoosterV6,165.0,600,S,M
976,DuoQueueTopV6,56.0,1000,T,J
977,SoloBaronV6,238.0,220,J,A
978,QuickRotationV6,188.0,820,M,S
979,TheFinisherV6,32.0,380,A,T
980,MuteAllV6,205.0,900,S,J
981,TheAnchorT_V6,165.0,520,T,A
982,GankOnlyV6,20.0,900,J,S
983,MidlaneGrinderV6,34.0,780,M,T
984,OneHitKillV6,285.0,930,A,J
985,TheProtectorV6,48.0,290,S,M
986,CannonFodderV6,230.0,730,T,J
987,InvadeExpertV6,21.0,410,J,A
988,MidLaneCarryV6,300.0,900,M,S
989,TheCleanUpV6,54.0,670,A,T
990,SupportTheTeamV6,155.0,370,S,J
991,SoloQWarriorV6,299.0,155,T,M
992,JungleSmurfV7,22.0,860,J,S
993,TheCarry_MidV6,267.0,540,M,A
994,MyThreshV6,62.0,990,A,T
995,TheUtilityV6,180.0,300,S,J
996,TopLaneMainV16,38.0,760,T,A
997,FastClearV6,293.0,460,J,M
998,MidLaneMonsterV6,200.0,900,M,S
999,ObjectivePushV6,16.0,610,A,T
1000,TheGuardianV6,248.0,340,S,J
1001,TheRenegadeV3,175.0,720,T,J
1002,JungleGhostV3,45.0,380,J,M
1003,MidGodlyV3,255.0,970,M,S
1004,SharpShooterV3,15.5,590,A,T
1005,AuraOfMightV3,215.0,230,S,A
1006,UnbreakableV3,40.0,780,T,M
1007,EarlyDominanceV3,195.0,160,J,S
1008,TheIllusionistV7,110.0,840,M,A
1009,KitingExpertV7,25.0,350,A,J
1010,HealingRainV7,130.0,800,S,T
1011,SplitPushManiacV7,275.0,490,T,A
1012,GankMagnetV7,42.0,620,J,M
1013,LaneControlV7,170.0,180,M,S
1014,DamageIncarnateV7,235.0,940,A,T
1015,UtilityFocusV8,55.0,400,S,J
1016,TeamFightTopV6,200.0,680,T,S
1017,TheTrackerV7,75.0,260,J,A
1018,ZoningMageV7,300.0,830,M,T
1019,HyperFocusV7,15.0,950,A,S
1020,ShieldSlingerV7,270.0,610,S,M
1021,TheWarlordV7,170.0,750,T,J
1022,ObjectiveNinjaV7,35.0,440,J,A
1023,ArtilleryMidV7,225.0,900,M,T
1024,ADC_SaviourV6,65.0,320,A,S
1025,GuardianAngelV8,195.0,570,S,M
1026,OffTankKingV7,300.0,800,T,J
1027,JungleGapNowV7,14.0,1000,J,M
1028,ThePredictorV7,260.0,220,M,S
1029,FastHandsV7,96.0,170,A,T
1030,TheCatalystV7,25.0,880,S,J
1031,SoloCarryKingV8,180.0,510,T,A
1032,FeralHunterV7,235.0,760,J,S
1033,SynergyExpertV7,51.0,590,M,T
1034,PinchHitterV7,295.0,980,A,J
1035,TheTacticianV8,145.0,290,S,M
1036,BruiserBossV7,34.0,670,T,J
1037,GankingMasterV7,300.0,410,J,A
1038,MidFarmBotV7,205.0,900,M,S
1039,AutoAttackerV7,81.0,160,A,T
1040,ThePeelerV7,155.0,820,S,J
1041,WaveControlV7,230.0,440,T,S
1042,JungleVeteranV7,20.0,730,J,A
1043,PokingPrinceV7,300.0,900,M,T
1044,CritOrQuitV7,106.0,590,A,S
1045,TeamShieldV7,255.0,210,S,M
1046,TopLaneMainV17,17.0,850,T,J
1047,EarlyGamerV7,265.0,330,J,A
1048,CleanseMasterV7,190.0,1000,M,T
1049,FastLanePushV7,66.0,470,A,S
1050,HookAndBaitV7,300.0,720,S,J
1051,TheCloserT_V7,22.0,640,T,M
1052,SecuredBaronV7,200.0,920,J,S
1053,ControlWardV7,52.0,350,M,A
1054,ThePewPewV7,250.0,790,A,J
1055,MikaelsMasterV7,300.0,270,S,T
1056,TankyMageV7,160.0,660,T,J
1057,BushWarriorV7,31.0,420,J,M
1058,APMidOnlyV7,145.0,900,M,S
1059,LategameCarryV7,78.0,590,A,T
1060,RoamingWardV7,215.0,810,S,J
1061,TheWallT_V7,21.0,190,T,A
1062,ObjectiveHeroV7,298.0,880,J,S
1063,ZhonyaMasterV7,11.0,680,M,T
1064,ADCCarryV8,230.0,370,A,M
1065,SpellWeaverV7,140.0,790,S,T
1066,PermaPushV7,300.0,490,T,J
1067,DeepVisionJGLV7,170.0,970,J,S
1068,LanePriorityV7,32.0,290,M,A
1069,FlashingAwayV7,285.0,180,A,T
1070,TheHealerBotV7,195.0,900,S,J
1071,FrontToBackV7,23.0,600,T,S
1072,JungleMainManV7,286.0,340,J,A
1073,MidOrAFKV7,25.0,750,M,T
1074,KillsEqualWinsV7,300.0,460,A,S
1075,TeamBoosterV7,170.0,620,S,M
1076,DuoQueueTopV7,57.0,1000,T,J
1077,SoloBaronV7,243.0,240,J,A
1078,QuickRotationV7,193.0,830,M,S
1079,TheFinisherV7,33.0,400,A,T
1080,MuteAllV7,210.0,910,S,J
1081,TheAnchorT_V7,165.0,540,T,A
1082,GankOnlyV7,21.0,900,J,S
1083,MidlaneGrinderV7,35.0,790,M,T
1084,OneHitKillV7,290.0,940,A,J
1085,TheProtectorV7,50.0,310,S,M
1086,CannonFodderV7,235.0,740,T,J
1087,InvadeExpertV7,22.0,430,J,A
1088,MidLaneCarryV7,300.0,900,M,S
1089,TheCleanUpV7,55.0,690,A,T
1090,SupportTheTeamV7,160.0,390,S,J
1091,SoloQWarriorV7,300.0,175,T,M
1092,JungleSmurfV8,23.0,870,J,S
1093,TheCarry_MidV7,272.0,560,M,A
1094,MyThreshV7,68.0,990,A,T
1095,TheUtilityV7,185.0,320,S,J
1096,TopLaneMainV17,38.0,770,T,A
1097,FastClearV7,298.0,480,J,M
1098,MidLaneMonsterV7,205.0,900,M,S
1099,ObjectivePushV7,17.0,630,A,T
1100,TheGuardianV7,248.0,360,S,J
1101,TheFinalBossV5,185.0,730,T,J
1102,JungleVeteranV6,50.0,400,J,M
1103,MidlaneGoddessV5,270.0,980,M,S
1104,SniperADCV5,19.0,610,A,T
1105,TeamAnchorV5,230.0,250,S,A
1106,TopLaneMainV18,54.0,790,T,M
1107,EpicSmiteV6,200.0,180,J,S
1108,TheIllusionistV8,125.0,850,M,A
1109,KitingExpertV8,26.0,370,A,J
1110,HealingRainV8,140.0,810,S,T
1111,SplitPushManiacV8,280.0,510,T,A
1112,GankMagnetV8,44.0,640,J,M
1113,LaneControlV8,175.0,200,M,S
1114,DamageIncarnateV8,240.0,960,A,T
1115,UtilityFocusV9,57.0,420,S,J
1116,TeamFightTopV7,205.0,700,T,S
1117,TheTrackerV8,77.0,280,J,A
1118,ZoningMageV8,300.0,850,M,T
1119,HyperFocusV8,16.0,970,A,S
1120,ShieldSlingerV8,275.0,630,S,M
1121,TheWarlordV8,175.0,770,T,J
1122,ObjectiveNinjaV8,37.0,460,J,A
1123,ArtilleryMidV8,230.0,900,M,T
1124,ADC_SaviourV7,67.0,340,A,S
1125,GuardianAngelV9,200.0,590,S,M
1126,OffTankKingV8,300.0,820,T,J
1127,JungleGapNowV8,15.0,1000,J,M
1128,ThePredictorV8,265.0,240,M,S
1129,FastHandsV8,98.0,190,A,T
1130,TheCatalystV8,26.0,900,S,J
1131,SoloCarryKingV9,185.0,530,T,A
1132,FeralHunterV8,240.0,780,J,S
1133,SynergyExpertV8,53.0,610,M,T
1134,PinchHitterV8,300.0,990,A,J
1135,TheTacticianV9,150.0,310,S,M
1136,BruiserBossV8,36.0,690,T,J
1137,GankingMasterV8,300.0,430,J,A
1138,MidFarmBotV8,210.0,900,M,S
1139,AutoAttackerV8,83.0,180,A,T
1140,ThePeelerV8,160.0,840,S,J
1141,WaveControlV8,235.0,460,T,S
1142,JungleVeteranV8,21.0,750,J,A
1143,PokingPrinceV8,300.0,900,M,T
1144,CritOrQuitV8,108.0,610,A,S
1145,TeamShieldV8,260.0,230,S,M
1146,TopLaneMainV18,18.0,870,T,J
1147,EarlyGamerV8,270.0,350,J,A
1148,CleanseMasterV8,195.0,1000,M,T
1149,FastLanePushV8,68.0,490,A,S
1150,HookAndBaitV8,300.0,740,S,J
1151,TheCloserT_V8,23.0,660,T,M
1152,SecuredBaronV8,205.0,930,J,S
1153,ControlWardV8,54.0,370,M,A
1154,ThePewPewV8,255.0,810,A,J
1155,MikaelsMasterV8,300.0,290,S,T
1156,TankyMageV8,165.0,680,T,J
1157,BushWarriorV8,33.0,440,J,M
1158,APMidOnlyV8,150.0,900,M,S
1159,LategameCarryV8,80.0,630,A,T
1160,RoamingWardV8,220.0,830,S,J
1161,TheWallT_V8,22.0,210,T,A
1162,ObjectiveHeroV8,300.0,900,J,S
1163,ZhonyaMasterV8,12.0,700,M,T
1164,ADCCarryV9,235.0,390,A,M
1165,SpellWeaverV8,145.0,810,S,T
1166,PermaPushV8,300.0,510,T,J
1167,DeepVisionJGLV8,175.0,980,J,S
1168,LanePriorityV8,34.0,310,M,A
1169,FlashingAwayV8,290.0,200,A,T
1170,TheHealerBotV8,200.0,900,S,J
1171,FrontToBackV8,24.0,620,T,S
1172,JungleMainManV8,291.0,360,J,A
1173,MidOrAFKV8,26.0,770,M,T
1174,KillsEqualWinsV8,300.0,480,A,S
1175,TeamBoosterV8,175.0,640,S,M
1176,DuoQueueTopV8,58.0,1000,T,J
1177,SoloBaronV8,248.0,260,J,A
1178,QuickRotationV8,198.0,850,M,S
1179,TheFinisherV8,34.0,420,A,T
1180,MuteAllV8,215.0,930,S,J
1181,TheAnchorT_V8,170.0,560,T,A
1182,GankOnlyV8,22.0,900,J,S
1183,MidlaneGrinderV8,36.0,810,M,T
1184,OneHitKillV8,295.0,950,A,J
1185,TheProtectorV8,52.0,330,S,M
1186,CannonFodderV8,240.0,760,T,J
1187,InvadeExpertV8,23.0,450,J,A
1188,MidLaneCarryV8,300.0,900,M,S
1189,TheCleanUpV8,57.0,710,A,T
1190,SupportTheTeamV8,165.0,410,S,J
1191,SoloQWarriorV8,300.0,195,T,M
1192,JungleSmurfV9,24.0,890,J,S
1193,TheCarry_MidV8,277.0,580,M,A
1194,MyThreshV8,70.0,1000,A,T
1195,TheUtilityV8,190.0,340,S,J
1196,TopLaneMainV19,40.0,790,T,A
1197,FastClearV8,300.0,500,J,M
1198,MidLaneMonsterV8,210.0,900,M,S
1199,ObjectivePushV8,18.0,650,A,T
1200,TheGuardianV8,253.0,380,S,J
1201,TheFinalBossV6,190.0,750,T,J
1202,JungleVeteranV7,55.0,420,J,M
1203,MidlaneGoddessV6,275.0,980,M,S
1204,SniperADCV6,20.0,630,A,T
1205,TeamAnchorV6,235.0,270,S,A
1206,TopLaneMainV20,56.0,810,T,M
1207,EpicSmiteV7,205.0,200,J,S
1208,TheIllusionistV9,130.0,870,M,A
1209,KitingExpertV9,27.0,390,A,J
1210,HealingRainV9,145.0,830,S,T
1211,SplitPushManiacV9,285.0,530,T,A
1212,GankMagnetV9,46.0,660,J,M
1213,LaneControlV9,180.0,220,M,S
1214,DamageIncarnateV9,245.0,980,A,T
1215,UtilityFocusV10,59.0,440,S,J
1216,TeamFightTopV8,210.0,720,T,S
1217,TheTrackerV9,79.0,300,J,A
1218,ZoningMageV9,300.0,870,M,T
1219,HyperFocusV9,17.0,990,A,S
1220,ShieldSlingerV9,280.0,650,S,M
1221,TheWarlordV9,180.0,790,T,J
1222,ObjectiveNinjaV9,39.0,480,J,A
1223,ArtilleryMidV9,235.0,900,M,T
1224,ADC_SaviourV8,69.0,360,A,S
1225,GuardianAngelV10,205.0,610,S,M
1226,OffTankKingV9,300.0,840,T,J
1227,JungleGapNowV9,16.0,1000,J,M
1228,ThePredictorV9,270.0,260,M,S
1229,FastHandsV9,100.0,210,A,T
1230,TheCatalystV9,27.0,900,S,J
1231,SoloCarryKingV10,190.0,550,T,A
1232,FeralHunterV9,245.0,800,J,S
1233,SynergyExpertV9,55.0,630,M,T
1234,PinchHitterV9,300.0,1000,A,J
1235,TheTacticianV10,155.0,330,S,M
1236,BruiserBossV9,38.0,710,T,J
1237,GankingMasterV9,300.0,450,J,A
1238,MidFarmBotV9,215.0,900,M,S
1239,AutoAttackerV9,85.0,200,A,T
1240,ThePeelerV9,165.0,860,S,J
1241,WaveControlV9,240.0,480,T,S
1242,JungleVeteranV9,22.0,770,J,A
1243,PokingPrinceV9,300.0,900,M,T
1244,CritOrQuitV9,110.0,630,A,S
1245,TeamShieldV9,265.0,250,S,M
1246,TopLaneMainV20,19.0,890,T,J
1247,EarlyGamerV9,275.0,370,J,A
1248,CleanseMasterV9,200.0,1000,M,T
1249,FastLanePushV9,70.0,510,A,S
1250,HookAndBaitV9,300.0,760,S,J
1251,TheCloserT_V9,24.0,680,T,M
1252,SecuredBaronV9,210.0,940,J,S
1253,ControlWardV9,56.0,390,M,A
1254,ThePewPewV9,260.0,830,A,J
1255,MikaelsMasterV9,300.0,310,S,T
1256,TankyMageV9,170.0,700,T,J
1257,BushWarriorV9,35.0,460,J,M
1258,APMidOnlyV9,155.0,900,M,S
1259,LategameCarryV9,82.0,650,A,T
1260,RoamingWardV9,225.0,850,S,J
1261,TheWallT_V9,23.0,230,T,A
1262,ObjectiveHeroV9,300.0,900,J,S
1263,ZhonyaMasterV9,13.0,720,M,T
1264,ADCCarryV10,240.0,410,A,M
1265,SpellWeaverV9,150.0,830,S,T
1266,PermaPushV9,300.0,530,T,J
1267,DeepVisionJGLV9,180.0,990,J,S
1268,LanePriorityV9,36.0,330,M,A
1269,FlashingAwayV9,295.0,220,A,T
1270,TheHealerBotV9,205.0,900,S,J
1271,FrontToBackV9,25.0,640,T,S
1272,JungleMainManV9,296.0,380,J,A
1273,MidOrAFKV9,27.0,790,M,T
1274,KillsEqualWinsV9,300.0,500,A,S
1275,TeamBoosterV9,180.0,660,S,M
1276,DuoQueueTopV9,59.0,1000,T,J
1277,SoloBaronV9,253.0,280,J,A
1278,QuickRotationV9,203.0,870,M,S
1279,TheFinisherV9,35.0,440,A,T
1280,MuteAllV9,220.0,950,S,J
1281,TheAnchorT_V9,175.0,580,T,A
1282,GankOnlyV9,23.0,900,J,S
1283,MidlaneGrinderV9,37.0,830,M,T
1284,OneHitKillV9,300.0,960,A,J
1285,TheProtectorV9,54.0,350,S,M
1286,CannonFodderV9,245.0,780,T,J
1287,InvadeExpertV9,24.0,470,J,A
1288,MidLaneCarryV9,300.0,900,M,S
1289,TheCleanUpV9,59.0,730,A,T
1290,SupportTheTeamV9,170.0,430,S,J
1291,SoloQWarriorV9,300.0,215,T,M
1292,JungleSmurfV10,25.0,900,J,S
1293,TheCarry_MidV9,282.0,600,M,A
1294,MyThreshV9,72.0,1000,A,T
1295,TheUtilityV9,195.0,360,S,J
1296,TopLaneMainV21,42.0,810,T,A
1297,FastClearV9,300.0,520,J,M
1298,MidLaneMonsterV9,215.0,900,M,S
1299,ObjectivePushV9,19.0,670,A,T
1300,TheGuardianV9,258.0,400,S,J
1301,TheFinalBossV7,195.0,770,T,J
1302,JungleVeteranV8,60.0,440,J,M
1303,MidlaneGoddessV7,280.0,990,M,S
1304,SniperADCV7,21.0,650,A,T
1305,TeamAnchorV7,240.0,290,S,A
1306,TopLaneMainV22,58.0,830,T,M
1307,EpicSmiteV8,210.0,220,J,S
1308,TheIllusionistV10,135.0,890,M,A
1309,KitingExpertV10,28.0,410,A,J
1310,HealingRainV10,150.0,850,S,T
1311,SplitPushManiacV10,290.0,550,T,A
1312,GankMagnetV10,48.0,680,J,M
1313,LaneControlV10,185.0,240,M,S
1314,DamageIncarnateV10,250.0,1000,A,T
1315,UtilityFocusV11,61.0,460,S,J
1316,TeamFightTopV9,215.0,740,T,S
1317,TheTrackerV10,81.0,320,J,A
1318,ZoningMageV10,300.0,890,M,T
1319,HyperFocusV10,18.0,1000,A,S
1320,ShieldSlingerV10,285.0,670,S,M
1321,TheWarlordV10,185.0,810,T,J
1322,ObjectiveNinjaV10,41.0,500,J,A
1323,ArtilleryMidV10,240.0,900,M,T
1324,ADC_SaviourV9,71.0,380,A,S
1325,GuardianAngelV11,210.0,630,S,M
1326,OffTankKingV10,300.0,860,T,J
1327,JungleGapNowV10,17.0,1000,J,M
1328,ThePredictorV10,275.0,280,M,S
1329,FastHandsV10,102.0,230,A,T
1330,TheCatalystV10,28.0,900,S,J
1331,SoloCarryKingV11,195.0,570,T,A
1332,FeralHunterV10,250.0,820,J,S
1333,SynergyExpertV10,57.0,650,M,T
1334,PinchHitterV10,300.0,1000,A,J
1335,TheTacticianV11,160.0,350,S,M
1336,BruiserBossV10,40.0,730,T,J
1337,GankingMasterV10,300.0,470,J,A
1338,MidFarmBotV10,220.0,900,M,S
1339,AutoAttackerV10,87.0,220,A,T
1340,ThePeelerV10,170.0,880,S,J
1341,WaveControlV10,245.0,500,T,S
1342,JungleVeteranV10,23.0,790,J,A
1343,PokingPrinceV10,300.0,900,M,T
1344,CritOrQuitV10,112.0,650,A,S
1345,TeamShieldV10,270.0,270,S,M
1346,TopLaneMainV22,20.0,900,T,J
1347,EarlyGamerV10,280.0,390,J,A
1348,CleanseMasterV10,205.0,1000,M,T
1349,FastLanePushV10,72.0,530,A,S
1350,HookAndBaitV10,300.0,780,S,J
1351,TheCloserT_V10,25.0,700,T,M
1352,SecuredBaronV10,215.0,950,J,S
1353,ControlWardV10,58.0,410,M,A
1354,ThePewPewV10,265.0,850,A,J
1355,MikaelsMasterV10,300.0,330,S,T
1356,TankyMageV10,175.0,720,T,J
1357,BushWarriorV10,37.0,480,J,M
1358,APMidOnlyV10,160.0,900,M,S
1359,LategameCarryV10,84.0,670,A,T
1360,RoamingWardV10,230.0,870,S,J
1361,TheWallT_V10,24.0,250,T,A
1362,ObjectiveHeroV10,300.0,900,J,S
1363,ZhonyaMasterV10,14.0,740,M,T
1364,ADCCarryV11,245.0,430,A,M
1365,SpellWeaverV10,155.0,850,S,T
1366,PermaPushV10,300.0,550,T,J
1367,DeepVisionJGLV10,185.0,1000,J,S
1368,LanePriorityV10,38.0,350,M,A
1369,FlashingAwayV10,300.0,240,A,T
1370,TheHealerBotV10,210.0,900,S,J
1371,FrontToBackV10,26.0,660,T,S
1372,JungleMainManV10,300.0,400,J,A
1373,MidOrAFKV10,28.0,810,M,T
1374,KillsEqualWinsV10,300.0,520,A,S
1375,TeamBoosterV10,185.0,680,S,M
1376,DuoQueueTopV10,60.0,1000,T,J
1377,SoloBaronV10,258.0,300,J,A
1378,QuickRotationV10,208.0,890,M,S
1379,TheFinisherV10,36.0,460,A,T
1380,MuteAllV10,225.0,970,S,J
1381,TheAnchorT_V10,180.0,600,T,A
1382,GankOnlyV10,24.0,900,J,S
1383,MidlaneGrinderV10,38.0,850,M,T
1384,OneHitKillV10,300.0,970,A,J
1385,TheProtectorV10,56.0,370,S,M
1386,CannonFodderV10,250.0,800,T,J
1387,InvadeExpertV10,25.0,490,J,A
1388,MidLaneCarryV10,300.0,900,M,S
1389,TheCleanUpV10,61.0,750,A,T
1390,SupportTheTeamV10,175.0,450,S,J
1391,SoloQWarriorV10,300.0,235,T,M
1392,JungleSmurfV11,26.0,900,J,S
1393,TheCarry_MidV10,287.0,620,M,A
1394,MyThreshV10,74.0,1000,A,T
1395,TheUtilityV10,200.0,380,S,J
1396,TopLaneMainV23,44.0,830,T,A
1397,FastClearV10,300.0,540,J,M
1398,MidLaneMonsterV10,220.0,900,M,S
1399,ObjectivePushV10,20.0,690,A,T
1400,TheGuardianV10,263.0,420,S,J
1401,TheFinalBossV8,200.0,790,T,J
1402,JungleVeteranV9,65.0,460,J,M
1403,MidlaneGoddessV8,285.0,1000,M,S
1404,SniperADCV8,22.0,670,A,T
1405,TeamAnchorV8,245.0,310,S,A
1406,TopLaneMainV24,60.0,850,T,M
1407,EpicSmiteV9,215.0,240,J,S
1408,TheIllusionistV11,140.0,900,M,A
1409,KitingExpertV11,29.0,430,A,J
1410,HealingRainV11,155.0,870,S,T
1411,SplitPushManiacV11,295.0,570,T,A
1412,GankMagnetV11,50.0,700,J,M
1413,LaneControlV11,190.0,260,M,S
1414,DamageIncarnateV11,255.0,1000,A,T
1415,UtilityFocusV12,63.0,480,S,J
1416,TeamFightTopV10,220.0,760,T,S
1417,TheTrackerV11,83.0,340,J,A
1418,ZoningMageV11,300.0,900,M,T
1419,HyperFocusV11,19.0,1000,A,S
1420,ShieldSlingerV11,290.0,690,S,M
1421,TheWarlordV11,190.0,830,T,J
1422,ObjectiveNinjaV11,43.0,520,J,A
1423,ArtilleryMidV11,245.0,900,M,T
1424,ADC_SaviourV10,73.0,400,A,S
1425,GuardianAngelV12,215.0,650,S,M
1426,OffTankKingV11,300.0,880,T,J
1427,JungleGapNowV11,18.0,1000,J,M
1428,ThePredictorV11,280.0,300,M,S
1429,FastHandsV11,104.0,250,A,T
1430,TheCatalystV11,29.0,900,S,J
1431,SoloCarryKingV12,200.0,590,T,A
1432,FeralHunterV11,255.0,840,J,S
1433,SynergyExpertV11,59.0,670,M,T
1434,PinchHitterV11,300.0,1000,A,J
1435,TheTacticianV12,165.0,370,S,M
1436,BruiserBossV11,42.0,750,T,J
1437,GankingMasterV11,300.0,490,J,A
1438,MidFarmBotV11,225.0,900,M,S
1439,AutoAttackerV11,89.0,240,A,T
1440,ThePeelerV11,175.0,900,S,J
1441,WaveControlV11,250.0,520,T,S
1442,JungleVeteranV11,24.0,810,J,A
1443,PokingPrinceV11,300.0,900,M,T
1444,CritOrQuitV11,114.0,670,A,S
1445,TeamShieldV11,275.0,290,S,M
1446,TopLaneMainV23,21.0,900,T,J
1447,EarlyGamerV11,285.0,410,J,A
1448,CleanseMasterV11,210.0,1000,M,T
1449,FastLanePushV11,74.0,550,A,S
1450,HookAndBaitV11,300.0,800,S,J
1451,TheCloserT_V11,26.0,720,T,M
1452,SecuredBaronV11,220.0,960,J,S
1453,ControlWardV11,60.0,430,M,A
1454,ThePewPewV11,270.0,870,A,J
1455,MikaelsMasterV11,300.0,350,S,T
1456,TankyMageV11,180.0,740,T,J
1457,BushWarriorV11,39.0,500,J,M
1458,APMidOnlyV11,165.0,900,M,S
1459,LategameCarryV11,86.0,690,A,T
1460,RoamingWardV11,235.0,890,S,J
1461,TheWallT_V11,25.0,270,T,A
1462,ObjectiveHeroV11,300.0,900,J,S
1463,ZhonyaMasterV11,15.0,760,M,T
1464,ADCCarryV12,250.0,450,A,M
1465,SpellWeaverV11,160.0,870,S,T
1466,PermaPushV11,300.0,570,T,J
1467,DeepVisionJGLV11,190.0,1000,J,S
1468,LanePriorityV11,40.0,370,M,A
1469,FlashingAwayV11,300.0,260,A,T
1470,TheHealerBotV11,215.0,900,S,J
1471,FrontToBackV11,27.0,680,T,S
1472,JungleMainManV11,300.0,420,J,A
1473,MidOrAFKV11,29.0,830,M,T
1474,KillsEqualWinsV11,300.0,540,A,S
1475,TeamBoosterV11,190.0,700,S,M
1476,DuoQueueTopV11,61.0,1000,T,J
1477,SoloBaronV11,263.0,320,J,A
1478,QuickRotationV11,213.0,900,M,S
1479,TheFinisherV11,37.0,480,A,T
1480,MuteAllV11,230.0,990,S,J
1481,TheAnchorT_V11,185.0,620,T,A
1482,GankOnlyV11,25.0,900,J,S
1483,MidlaneGrinderV11,39.0,870,M,T
1484,OneHitKillV11,300.0,980,A,J
1485,TheProtectorV11,58.0,390,S,M
1486,CannonFodderV11,255.0,820,T,J
1487,InvadeExpertV11,26.0,510,J,A
1488,MidLaneCarryV11,300.0,900,M,S
1489,TheCleanUpV11,63.0,770,A,T
1490,SupportTheTeamV11,180.0,470,S,J
1491,SoloQWarriorV11,300.0,255,T,M
1492,JungleSmurfV12,27.0,900,J,S
1493,TheCarry_MidV11,292.0,640,M,A
1494,MyThreshV11,76.0,1000,A,T
1495,TheUtilityV11,205.0,400,S,J
1496,TopLaneMainV24,46.0,850,T,A
1497,FastClearV11,300.0,560,J,M
1498,MidLaneMonsterV11,225.0,900,M,S
1499,ObjectivePushV11,21.0,710,A,T
1500,TheGuardianV11,268.0,440,S,J
1501,NexusBreaker,180.0,790,T,J
1502,EchoOfTheJungle,50.0,460,J,M
1503,ArcaneWhisper,260.0,990,M,S
1504,CrimsonShot,22.0,670,A,T
1505,CelestialAegis,240.0,310,S,A
1506,VoidWalkerTop,60.0,800,T,M
1507,SpiritWolfJgl,200.0,240,J,S
1508,RunicSealer,140.0,860,M,A
1509,StarlightCarry,30.0,430,A,J
1510,TheWardenOfTime,160.0,880,S,T
1511,MechPilot_T,300.0,600,T,A
1512,AncientCurse,50.0,720,J,M
1513,GlacierMage,190.0,260,M,S
1514,HextechHunter,260.0,1000,A,T
1515,ChronoHealer,65.0,480,S,J
1516,TheLastSentinel,220.0,740,T,S
1517,ShadowFist,85.0,520,J,A
1518,CrystalOracle,280.0,900,M,T
1519,CosmicDrifter,18.0,690,A,S
1520,MistWalkerSupp,200.0,710,S,M
1521,MountainTank,15.0,830,T,J
1522,SunstoneGuard,255.0,400,J,A
1523,DarkmatterMid,165.0,330,M,T
1524,InfernoADC,23.0,900,A,S
1525,ZephyrAura,290.0,500,S,M
1526,BioForge,40.0,850,T,J
1527,TerraBlade,220.0,170,J,M
1528,VoidGate,175.0,700,M,S
1529,ArcaneShotz,55.0,290,A,T
1530,ManaShield,250.0,620,S,J
1531,DeepSeaDiver,125.0,900,T,A
1532,RumbleJungle,18.5,450,J,S
1533,EmberCore,210.0,990,M,T
1534,LaserFocusBot,70.0,350,A,S
1535,GuardianOfBlight,195.0,800,S,M
1536,AetherWing,35.0,770,T,J
1537,TheSilentStep,230.0,650,J,A
1538,AstralProjection,15.0,480,M,T
1539,GravityWell,270.0,980,A,S
1540,IronLotus,18.0,210,S,J
1541,FatesHand,160.0,660,T,S
1542,ChronosJungle,88.0,300,J,A
1543,CosmicRay,285.0,850,M,T
1544,QuantumLeapADC,45.0,550,A,J
1545,TheNexusWarden,215.0,900,S,M
1546,CrimsonLordTop,19.0,810,T,J
1547,BeastOfBurden,240.0,130,J,M
1548,CyberneticMid,170.0,730,M,S
1549,PixelFlurry,10.0,380,A,T
1550,TheSoulWisp,205.0,690,S,J
1551,Stormbreaker,135.0,910,T,A
1552,VoidGatekeeper,25.0,590,J,S
1553,ArcaneTorrent,225.0,900,M,T
1554,TrueStrike,30.0,420,A,S
1555,RelicHunter,295.0,820,S,M
1556,TitanClad,17.0,680,T,J
1557,MistAssassin,210.0,100,J,A
1558,StarFallMage,150.0,750,M,S
1559,SpectralBow,80.0,310,A,T
1560,StoneSentinel,235.0,640,S,J
1561,TheRenegadeX,165.0,900,T,S
1562,FlickerStep,12.0,50,J,A
1563,TemporalShift,275.0,460,M,T
1564,LaserBlade,50.0,900,A,J
1565,AstralCompass,190.0,280,S,M
1566,HeavyMetalTop,25.0,700,T,J
1567,JunglePhoenix,245.0,600,J,A
1568,ElementalMid,180.0,995,M,S
1569,BlazeCannon,15.0,330,A,T
1570,DivineIntervention,225.0,850,S,J
1571,GlacialAxe,145.0,530,T,A
1572,ForestGuardian,35.0,790,J,S
1573,Shadowcaster,200.0,150,M,T
1574,TheAimbot,60.0,490,A,M
1575,SupportiveGhoul,265.0,900,S,T
1576,Thunderstrike,18.0,980,T,J
1577,SwiftPaw,280.0,200,J,A
1578,WarpGate,195.0,830,M,S
1579,GravityShots,10.0,440,A,T
1580,ManaBattery,240.0,760,S,J
1581,IroncladJuggernaut,170.0,650,T,A
1582,ViperJungle,16.0,870,J,S
1583,Pyrokinetic,295.0,360,M,T
1584,BoomstickBot,40.0,580,A,M
1585,ArcaneTether,205.0,910,S,T
1586,TheColossus,155.0,720,T,J
1587,CosmicBane,235.0,630,J,M
1588,RiftWalkerMid,10.5,900,M,S
1589,TrueSightADC,75.0,300,A,T
1590,StoneSkinSupport,270.0,780,S,J
1591,BladeOfRuin,19.0,560,T,A
1592,CrimsonThorn,260.0,900,J,S
1593,MidLaneMarauder,185.0,470,M,T
1594,LaserStream,25.0,1000,A,J
1595,SoulHarvester,225.0,250,S,M
1596,PhoenixTop,30.0,860,T,J
1597,ChaosReaper,250.0,610,J,A
1598,GlitterBomb,17.0,390,M,S
1599,TheGunslinger,65.0,750,A,T
1600,MoonlitAura,190.0,410,S,J
1601,TitanFall,140.0,690,T,J
1602,SpiritBladeJgl,90.0,500,J,M
1603,ArcaneRune,215.0,900,M,S
1604,PrecisionShot,15.0,340,A,T
1605,TemporalWarp,280.0,830,S,A
1606,VoidEmperor,45.0,760,T,M
1607,IronStance,195.0,180,J,S
1608,RiftWarden,120.0,890,M,A
1609,StarGazerADC,28.0,450,A,J
1610,TheAlchemist,145.0,720,S,T
1611,DeepFreezeTop,270.0,580,T,A
1612,WildernessGuide,33.0,680,J,M
1613,FrostfireMid,160.0,290,M,S
1614,LethalityBot,225.0,1000,A,T
1615,HealingBeacon,52.0,550,S,J
1616,TheJuggernautX,185.0,800,T,S
1617,ShadowStrike,215.0,50,J,A
1618,DreamWeaver,170.0,770,M,T
1619,CosmicFlare,11.0,370,A,S
1620,MistBender,255.0,900,S,M
1621,ChaosBreaker,16.5,630,T,J
1622,WarpJumper,235.0,480,J,A
1623,EtherealMage,155.0,950,M,T
1624,TheOutlander,68.0,240,A,S
1625,LifeWeaver,285.0,860,S,M
1626,VoidTitan,42.0,710,T,J
1627,AncientSpirit,205.0,660,J,M
1628,StormCaller,15.0,400,M,S
1629,AuraOfMightADC,275.0,900,A,T
1630,TheCatalystX,19.0,350,S,J
1631,ApexPredator,148.0,510,T,A
1632,IronTusk,200.0,730,J,S
1633,CrimsonArt,175.0,120,M,T
1634,ArcaneMarksman,24.0,560,A,J
1635,ChronoAnchor,230.0,915,S,M
1636,StarKillerTop,38.0,790,T,J
1637,DeepForestJgl,250.0,1000,J,A
1638,PixelSurgeon,165.0,430,M,T
1639,TheBoomerang,13.0,610,A,S
1640,DivineSmite,215.0,270,S,J
1641,SteelHeart,17.0,680,T,S
1642,GhostWolf,285.0,540,J,A
1643,FlameWielder,190.0,820,M,T
1644,TrueShotADC,55.0,900,A,J
1645,RunestoneSupport,245.0,390,S,M
1646,TheNomadTop,22.0,990,T,J
1647,RiftBlade,260.0,220,J,M
1648,FrostbiteMage,185.0,700,M,S
1649,LunarBow,10.0,470,A,T
1650,ZenithWarden,200.0,750,S,J
1651,VoidLordT,130.0,600,T,A
1652,StormJumper,30.0,650,J,S
1653,TheOracleMid,220.0,900,M,T
1654,PhantomStrike,45.0,310,A,J
1655,AuraOfSacrifice,255.0,840,S,M
1656,ShadowPlate,18.0,730,T,J
1657,MysticTrapper,210.0,140,J,A
1658,TemporalClone,160.0,510,M,S
1659,GalacticShot,265.0,900,A,T
1660,MaelstromSupport,29.0,370,S,J
1661,TheWreckingBall,150.0,550,T,S
1662,BushidoJgl,240.0,880,J,A
1663,CrimsonBladeMid,17.0,200,M,T
1664,HighNoonBot,225.0,460,A,J
1665,SpiritHealer,190.0,950,S,M
1666,IronWillX,25.0,670,T,J
1667,JungleGhostV4,275.0,350,J,M
1668,LaneManipulator,155.0,900,M,S
1669,FocusFireX,60.0,720,A,T
1670,CelestialGuard,20.0,400,S,J
1671,TheExecutionerT,185.0,900,T,A
1672,ManaDrainer,230.0,590,J,S
1673,ElementalFury,17.5,750,M,T
1674,TwinBarrel,35.0,160,A,M
1675,TheProtectorX,250.0,810,S,T
1676,TitanHeart,145.0,520,T,J
1677,DeepStrike,215.0,920,J,A
1678,CosmicVoid,165.0,300,M,S
1679,ArcaneMarksmanX,28.0,650,A,T
1680,ShadowWarden,295.0,490,S,J
1681,TrueDamageTop,30.0,780,T,S
1682,StoneGaze,255.0,110,J,A
1683,PhoenixFlame,170.0,900,M,T
1684,PrecisionAura,50.0,340,A,J
1685,TheCleric,235.0,870,S,M
1686,AuraTank,160.0,610,T,J
1687,VortexJungle,20.0,570,J,M
1688,IllusionistMid,225.0,140,M,S
1689,TheFinisherX,13.0,790,A,T
1690,CelestialHeal,280.0,250,S,J
1691,IroncladV3,195.0,900,T,A
1692,WildfireJgl,240.0,400,J,S
1693,WispOfLight,180.0,680,M,T
1694,BoomHeadshot,55.0,900,A,J
1695,TheGuardianX,265.0,320,S,M
1696,TheNomadX,15.0,750,T,J
1697,ToxicTrapper,210.0,1000,J,A
1698,StarGazerMid,165.0,530,M,S
1699,FrostfireShot,275.0,450,A,T
1700,MuteButtonSupp,200.0,930,S,J
1701,SteelCommander,140.0,680,T,J
1702,ShadowProwler,95.0,550,J,M
1703,ArcaneScholar,220.0,900,M,S
1704,RapidFireBot,18.0,320,A,T
1705,EternalAegis,285.0,800,S,A
1706,SunfireKing,48.0,700,T,M
1707,JungleSage,205.0,250,J,S
1708,TheWarpedOne,125.0,860,M,A
1709,CritAndQuit,35.0,480,A,J
1710,GuardianStone,150.0,730,S,T
1711,TheBruiserX,275.0,590,T,A
1712,DeepStrikeV2,38.0,770,J,M
1713,IllusionaryMid,175.0,170,M,S
1714,PhantomArrow,230.0,1000,A,T
1715,LifeStealerSupp,58.0,520,S,J
1716,IronHeartX,190.0,820,T,S
1717,CosmicViper,225.0,70,J,A
1718,RiftWalkerX,165.0,890,M,T
1719,SniperX_ADC,12.0,390,A,S
1720,TheAlchemistX,250.0,660,S,M
1721,TitanOfWar,17.0,610,T,J
1722,ManaLeech,245.0,500,J,A
1723,VoidBlast,155.0,900,M,T
1724,HextechStrike,75.0,280,A,S
1725,AetherHeal,215.0,850,S,M
1726,TheOutpost,33.0,750,T,J
1727,TerraShaper,260.0,1000,J,M
1728,ShadowScribe,180.0,410,M,S
1729,BlazingArrow,18.0,630,A,T
1730,OceanicGuard,205.0,780,S,J
1731,GlacialTalon,145.0,900,T,A
1732,JungleMasterX,30.0,550,J,S
1733,WarpMage,235.0,200,M,T
1734,PentaDreamer,50.0,900,A,J
1735,StoneSkinX,280.0,350,S,M
1736,TheDreadnoughtX,25.0,690,T,J
1737,NightshadeJgl,200.0,470,J,M
1738,TemporalAnchor,170.0,910,M,S
1739,LaserBeamBot,15.0,520,A,T
1740,AuraOfSacrificeX,240.0,810,S,J
1741,TrueSteelTop,165.0,580,T,S
1742,TheHunterJGL,10.0,730,J,A
1743,CosmicArtisan,255.0,130,M,T
1744,PixelFury,65.0,400,A,S
1745,ZenithWardenX,195.0,950,S,M
1746,CrimsonLordX,20.0,990,T,J
1747,BeastMasterX,215.0,270,J,M
1748,CyberneticMidX,175.0,660,M,S
1749,PixelPusherX,35.0,340,A,T
1750,TheSoulWispX,230.0,710,S,J
1751,StormBreakerX,135.0,900,T,A
1752,VoidGatekeeperX,280.0,590,J,S
1753,ArcaneTorrentX,160.0,450,M,T
1754,TrueStrikeX,55.0,900,A,S
1755,RelicHunterX,295.0,250,S,M
1756,TitanCladX,18.0,680,T,J
1757,MistAssassinX,225.0,100,J,A
1758,StarFallMageX,170.0,750,M,S
1759,SpectralBowX,12.0,310,A,T
1760,StoneSentinelX,250.0,640,S,J
1761,TheRenegadeX2,165.0,900,T,S
1762,FlickerStepX,240.0,50,J,A
1763,TemporalShiftX,185.0,460,M,T
1764,LaserBladeX,30.0,900,A,J
1765,AstralCompassX,210.0,280,S,M
1766,HeavyMetalTopX,25.0,700,T,J
1767,JunglePhoenixX,265.0,600,J,A
1768,ElementalMidX,190.0,1000,M,S
1769,BlazeCannonX,15.0,330,A,T
1770,DivineInterventionX,245.0,850,S,J
1771,GlacialAxeX,145.0,530,T,A
1772,ForestGuardianX,40.0,790,J,S
1773,ShadowcasterX,210.0,150,M,T
1774,TheAimbotX,60.0,490,A,M
1775,SupportiveGhoulX,270.0,900,S,T
1776,ThunderstrikeX,18.0,980,T,J
1777,SwiftPawX,285.0,200,J,A
1778,WarpGateX,200.0,830,M,S
1779,GravityShotsX,10.0,440,A,T
1780,ManaBatteryX,255.0,760,S,J
1781,IroncladJuggernautX,175.0,650,T,A
1782,ViperJungleX,16.0,870,J,S
1783,PyrokineticX,300.0,360,M,T
1784,BoomstickBotX,45.0,580,A,M
1785,ArcaneTetherX,210.0,910,S,T
1786,TheColossusX,160.0,720,T,J
1787,CosmicBaneX,245.0,630,J,M
1788,RiftWalkerMidX,11.0,900,M,S
1789,TrueSightADCM,80.0,300,A,T
1790,StoneSkinSupportX,280.0,780,S,J
1791,BladeOfRuinX,20.0,560,T,A
1792,CrimsonThornX,270.0,900,J,S
1793,MidLaneMarauderX,190.0,470,M,T
1794,LaserStreamX,25.0,1000,A,J
1795,SoulHarvesterX,230.0,250,S,M
1796,PhoenixTopX,30.0,860,T,J
1797,ChaosReaperX,255.0,610,J,A
1798,GlitterBombX,17.0,390,M,S
1799,TheGunslingerX,70.0,750,A,T
1800,MoonlitAuraX,195.0,410,S,J
1801,TitanFallX,145.0,690,T,J
1802,SpiritBladeJglX,95.0,500,J,M
1803,ArcaneRuneX,225.0,900,M,S
1804,PrecisionShotX,16.0,340,A,T
1805,TemporalWarpX,290.0,830,S,A
1806,VoidEmperorX,50.0,760,T,M
1807,IronStanceX,200.0,180,J,S
1808,RiftWardenX,125.0,890,M,A
1809,StarGazerADCY,30.0,450,A,J
1810,TheAlchemistY,150.0,720,S,T
1811,DeepFreezeTopX,275.0,580,T,A
1812,WildernessGuideX,35.0,680,J,M
1813,FrostfireMidX,165.0,290,M,S
1814,LethalityBotX,230.0,1000,A,T
1815,HealingBeaconX,55.0,550,S,J
1816,TheJuggernautX2,190.0,800,T,S
1817,ShadowStrikeX,220.0,50,J,A
1818,DreamWeaverX,175.0,770,M,T
1819,CosmicFlareX,12.0,370,A,S
1820,MistBenderX,260.0,900,S,M
1821,ChaosBreakerX,17.0,630,T,J
1822,WarpJumperX,240.0,480,J,A
1823,EtherealMageX,160.0,950,M,T
1824,TheOutlanderX,70.0,240,A,S
1825,LifeWeaverX,290.0,860,S,M
1826,VoidTitanX,45.0,710,T,J
1827,AncientSpiritX,210.0,660,J,M
1828,StormCallerX,16.0,400,M,S
1829,AuraOfMightADCY,280.0,900,A,T
1830,TheCatalystY,20.0,350,S,J
1831,ApexPredatorX,150.0,510,T,A
1832,IronTuskX,205.0,730,J,S
1833,CrimsonArtX,180.0,120,M,T
1834,ArcaneMarksmanY,25.0,560,A,J
1835,ChronoAnchorX,235.0,915,S,M
1836,StarKillerTopX,40.0,790,T,J
1837,DeepForestJglX,255.0,1000,J,A
1838,PixelSurgeonX,170.0,430,M,T
1839,TheBoomerangX,14.0,610,A,S
1840,DivineSmiteX,220.0,270,S,J
1841,SteelHeartX,18.0,680,T,S
1842,GhostWolfX,290.0,540,J,A
1843,FlameWielderX,195.0,820,M,T
1844,TrueShotADCY,60.0,900,A,J
1845,RunestoneSupportX,250.0,390,S,M
1846,TheNomadX2,23.0,990,T,J
1847,RiftBladeX,265.0,220,J,M
1848,FrostbiteMageX,190.0,700,M,S
1849,LunarBowX,11.0,470,A,T
1850,ZenithWardenX2,205.0,750,S,J
1851,VoidLordY,135.0,600,T,A
1852,StormJumperX,35.0,650,J,S
1853,TheOracleMidX,225.0,900,M,T
1854,PhantomStrikeX,50.0,310,A,J
1855,AuraOfSacrificeY,260.0,840,S,M
1856,ShadowPlateX,19.0,730,T,J
1857,MysticTrapperX,215.0,140,J,A
1858,TemporalCloneX,165.0,510,M,S
1859,GalacticShotX,270.0,900,A,T
1860,MaelstromSupportX,30.0,370,S,J
1861,TheWreckingBallX,155.0,550,T,S
1862,BushidoJglX,245.0,880,J,A
1863,CrimsonBladeMidX,18.0,200,M,T
1864,HighNoonBotX,230.0,460,A,J
1865,SpiritHealerX,195.0,950,S,M
1866,IronWillY,26.0,670,T,J
1867,JungleGhostX,280.0,350,J,M
1868,LaneManipulatorX,160.0,900,M,S
1869,FocusFireY,65.0,720,A,T
1870,CelestialGuardX,21.0,400,S,J
1871,TheExecutionerY,190.0,900,T,A
1872,ManaDrainerX,235.0,590,J,S
1873,ElementalFuryX,18.5,750,M,T
1874,TwinBarrelX,40.0,160,A,M
1875,TheProtectorY,255.0,810,S,T
1876,TitanHeartX,150.0,520,T,J
1877,DeepStrikeY,220.0,920,J,A
1878,CosmicVoidX,170.0,300,M,S
1879,ArcaneMarksmanY2,30.0,650,A,T
1880,ShadowWardenX,300.0,490,S,J
1881,TrueDamageTopX,32.0,780,T,S
1882,StoneGazeX,260.0,110,J,A
1883,PhoenixFlameX,175.0,900,M,T
1884,PrecisionAuraX,55.0,340,A,J
1885,TheClericX,240.0,870,S,M
1886,AuraTankX,165.0,610,T,J
1887,VortexJungleX,21.0,570,J,M
1888,IllusionistMidX,230.0,140,M,S
1889,TheFinisherY,14.0,790,A,T
1890,CelestialHealX,285.0,250,S,J
1891,IroncladV4,200.0,900,T,A
1892,WildfireJglX,245.0,400,J,S
1893,WispOfLightX,185.0,680,M,T
1894,BoomHeadshotX,60.0,900,A,J
1895,TheGuardianY,270.0,320,S,M
1896,TheNomadY,16.0,750,T,J
1897,ToxicTrapperX,215.0,1000,J,A
1898,StarGazerMidX,170.0,530,M,S
1899,FrostfireShotX,280.0,450,A,T
1900,MuteButtonSuppX,205.0,930,S,J
1901,SteelCommanderX,145.0,680,T,J
1902,ShadowProwlerX,100.0,550,J,M
1903,ArcaneScholarX,225.0,900,M,S
1904,RapidFireBotX,20.0,320,A,T
1905,EternalAegisX,290.0,800,S,A
1906,SunfireKingX,50.0,700,T,M
1907,JungleSageX,210.0,250,J,S
1908,TheWarpedOneX,130.0,860,M,A
1909,CritAndQuitX,37.0,480,A,J
1910,GuardianStoneX,155.0,730,S,T
1911,TheBruiserY,280.0,590,T,A
1912,DeepStrikeV3,40.0,770,J,M
1913,IllusionaryMidX,180.0,170,M,S
1914,PhantomArrowX,235.0,1000,A,T
1915,LifeStealerSuppX,60.0,520,S,J
1916,IronHeartY,195.0,820,T,S
1917,CosmicViperX,230.0,70,J,A
1918,RiftWalkerY,170.0,890,M,T
1919,SniperY_ADC,13.0,390,A,S
1920,TheAlchemistZ,255.0,660,S,M
1921,TitanOfWarX,18.0,610,T,J
1922,ManaLeechX,250.0,500,J,A
1923,VoidBlastX,160.0,900,M,T
1924,HextechStrikeX,80.0,280,A,S
1925,AetherHealX,220.0,850,S,M
1926,TheOutpostX,35.0,750,T,J
1927,TerraShaperX,265.0,1000,J,M
1928,ShadowScribeX,185.0,410,M,S
1929,BlazingArrowX,19.0,630,A,T
1930,OceanicGuardX,210.0,780,S,J
1931,GlacialTalonX,150.0,900,T,A
1932,JungleMasterY,32.0,550,J,S
1933,WarpMageX,240.0,200,M,T
1934,PentaDreamerX,55.0,900,A,J
1935,StoneSkinY,285.0,350,S,M
1936,TheDreadnoughtY,26.0,690,T,J
1937,NightshadeJglX,205.0,470,J,M
1938,TemporalAnchorX,175.0,910,M,S
1939,LaserBeamBotX,16.0,520,A,T
1940,AuraOfSacrificeY2,245.0,810,S,J
1941,TrueSteelY,170.0,580,T,S
1942,TheHunterY,11.0,730,J,A
1943,CosmicArtisanX,260.0,130,M,T
1944,PixelFuryX,70.0,400,A,S
1945,ZenithWardenY,200.0,950,S,M
1946,CrimsonLordY,21.0,990,T,J
1947,BeastMasterY,220.0,270,J,M
1948,CyberneticMidY,180.0,660,M,S
1949,PixelPusherY,38.0,340,A,T
1950,TheSoulWispY,235.0,710,S,J
1951,StormBreakerY,140.0,900,T,A
1952,VoidGatekeeperY,285.0,590,J,S
1953,ArcaneTorrentY,165.0,450,M,T
1954,TrueStrikeY,60.0,900,A,S
1955,RelicHunterY,300.0,250,S,M
1956,TitanCladY,19.0,680,T,J
1957,MistAssassinY,230.0,100,J,A
1958,StarFallMageY,175.0,750,M,S
1959,SpectralBowY,13.0,310,A,T
1960,StoneSentinelY,255.0,640,S,J
1961,TheRenegadeZ,170.0,900,T,S
1962,FlickerStepY,245.0,50,J,A
1963,TemporalShiftY,190.0,460,M,T
1964,LaserBladeY,32.0,900,A,J
1965,AstralCompassY,215.0,280,S,M
1966,HeavyMetalTopY,27.0,700,T,J
1967,JunglePhoenixY,270.0,600,J,A
1968,ElementalMidY,195.0,1000,M,S
1969,BlazeCannonY,16.0,330,A,T
1970,DivineInterventionY,250.0,850,S,J
1971,GlacialAxeY,150.0,530,T,A
1972,ForestGuardianY,45.0,790,J,S
1973,ShadowcasterY,215.0,150,M,T
1974,TheAimbotY,65.0,490,A,M
1975,SupportiveGhoulY,275.0,900,S,T
1976,ThunderstrikeY,19.0,980,T,J
1977,SwiftPawY,290.0,200,J,A
1978,WarpGateY,205.0,830,M,S
1979,GravityShotsY,11.0,440,A,T
1980,ManaBatteryY,260.0,760,S,J
1981,IroncladJuggernautY,180.0,650,T,A
1982,ViperJungleY,17.0,870,J,S
1983,PyrokineticY,300.0,360,M,T
1984,BoomstickBotY,50.0,580,A,M
1985,ArcaneTetherY,215.0,910,S,T
1986,TheColossusY,165.0,720,T,J
1987,CosmicBaneY,250.0,630,J,M
1988,RiftWalkerMidY,12.0,900,M,S
1989,TrueSightADCZ,85.0,300,A,T
1990,StoneSkinSupportY,285.0,780,S,J
1991,BladeOfRuinY,21.0,560,T,A
1992,CrimsonThornY,275.0,900,J,S
1993,MidLaneMarauderY,195.0,470,M,T
1994,LaserStreamY,26.0,1000,A,J
1995,SoulHarvesterY,235.0,250,S,M
1996,PhoenixTopY,31.0,860,T,J
1997,ChaosReaperY,260.0,610,J,A
1998,GlitterBombY,18.0,390,M,S
1999,TheGunslingerY,75.0,750,A,T
2000,MoonlitAuraY,200.0,410,S,J